"","Filename","DMIT_ID","DMIT_Name","TansectNum","TransectType","Date","FieldTeam","PointType","IndicatorNum","Lat_DecDeg","Long_DecDeg","Elevation_ftNAVD88","Parameter","Value"
"1","Bull Creek North Site 2015_2016.xlsm",6,"Bull Creek North",1,"Hydrologic",2015-12-04,"Hart, Holmberg, Richardson, Lindsey, Garrett-Kraus","Lichen Line",1,28.10765,-80.9781,59.36,NA,NA
"2","Bull Creek North Site 2015_2016.xlsm",6,"Bull Creek North",1,"Hydrologic",2015-12-04,"Hart, Holmberg, Richardson, Lindsey, Garrett-Kraus","Lichen Line",2,28.107583333,-80.978066666,59.32,NA,NA
"3","Bull Creek North Site 2015_2016.xlsm",6,"Bull Creek North",1,"Hydrologic",2015-12-04,"Hart, Holmberg, Richardson, Lindsey, Garrett-Kraus","Lichen Line",3,28.10745,-80.978083333,59.4,NA,NA
"4","Bull Creek North Site 2015_2016.xlsm",6,"Bull Creek North",1,"Soil",2015-12-04,"Hart, Holmberg, Richardson","Wetland Boundary",1,28.10788333,-80.9784,58.57,"S6","Depth: 6 to 18 inches"
"5","Bull Creek North Site 2015_2016.xlsm",6,"Bull Creek North",1,"Soil",2015-12-04,"Hart, Holmberg, Richardson","Wetland Boundary",1,28.10788333,-80.9784,58.57,"S8","Depth: 3 to 18 inches"
"6","Bull Creek North Site 2015_2016.xlsm",6,"Bull Creek North",1,"Soil",2015-12-04,"Hart, Holmberg, Richardson","Hydric @ Surface",2,28.10781666,-80.97833333,57.93,"S8","Depth: 0 to 13 inches"
"7","Bull Creek North Site 2015_2016.xlsm",6,"Bull Creek North",1,"Soil",2015-12-04,"Hart, Holmberg, Richardson","Hydric @ Surface",2,28.10781666,-80.97833333,57.93,"S7","Depth: 0 to 4 inches"
"8","Bull Creek North Site 2015_2016.xlsm",6,"Bull Creek North",1,"Soil",2015-12-04,"Hart, Holmberg, Richardson","Muck @ Surface",3,28.10771666,-80.97816666,NA,"S6","Depth: 3 to 12 inches"
"9","Bull Creek North Site 2015_2016.xlsm",6,"Bull Creek North",1,"Soil",2015-12-04,"Hart, Holmberg, Richardson","Muck @ Surface",3,28.10771666,-80.97816666,NA,"A8","Depth: 0 to 1 inches"
"10","Bull Creek North Site 2015_2016.xlsm",6,"Bull Creek North",1,"Vegetation",2016-06-20,"Holmberg, Lindsey, Garrett-Kraus","Wetland Boundary",1,28.10788333,-80.9784,58.57,"Canopy_OBL","0"
"11","Bull Creek North Site 2015_2016.xlsm",6,"Bull Creek North",1,"Vegetation",2016-06-20,"Holmberg, Lindsey, Garrett-Kraus","Wetland Boundary",1,28.10788333,-80.9784,58.57,"Canopy_FACW","0"
"12","Bull Creek North Site 2015_2016.xlsm",6,"Bull Creek North",1,"Vegetation",2016-06-20,"Holmberg, Lindsey, Garrett-Kraus","Wetland Boundary",1,28.10788333,-80.9784,58.57,"Canopy_FAC","0"
"13","Bull Creek North Site 2015_2016.xlsm",6,"Bull Creek North",1,"Vegetation",2016-06-20,"Holmberg, Lindsey, Garrett-Kraus","Wetland Boundary",1,28.10788333,-80.9784,58.57,"Canopy_UPL","0"
"14","Bull Creek North Site 2015_2016.xlsm",6,"Bull Creek North",1,"Vegetation",2016-06-20,"Holmberg, Lindsey, Garrett-Kraus","Wetland Boundary",1,28.10788333,-80.9784,58.57,"Sub-Canopy_OBL","0"
"15","Bull Creek North Site 2015_2016.xlsm",6,"Bull Creek North",1,"Vegetation",2016-06-20,"Holmberg, Lindsey, Garrett-Kraus","Wetland Boundary",1,28.10788333,-80.9784,58.57,"Sub-Canopy_FACW","0"
"16","Bull Creek North Site 2015_2016.xlsm",6,"Bull Creek North",1,"Vegetation",2016-06-20,"Holmberg, Lindsey, Garrett-Kraus","Wetland Boundary",1,28.10788333,-80.9784,58.57,"Sub-Canopy_FAC","0"
"17","Bull Creek North Site 2015_2016.xlsm",6,"Bull Creek North",1,"Vegetation",2016-06-20,"Holmberg, Lindsey, Garrett-Kraus","Wetland Boundary",1,28.10788333,-80.9784,58.57,"Sub-Canopy_UPL","0"
"18","Bull Creek North Site 2015_2016.xlsm",6,"Bull Creek North",1,"Vegetation",2016-06-20,"Holmberg, Lindsey, Garrett-Kraus","Wetland Boundary",1,28.10788333,-80.9784,58.57,"Groundcover_OBL","14"
"19","Bull Creek North Site 2015_2016.xlsm",6,"Bull Creek North",1,"Vegetation",2016-06-20,"Holmberg, Lindsey, Garrett-Kraus","Wetland Boundary",1,28.10788333,-80.9784,58.57,"Groundcover_FACW","49"
"20","Bull Creek North Site 2015_2016.xlsm",6,"Bull Creek North",1,"Vegetation",2016-06-20,"Holmberg, Lindsey, Garrett-Kraus","Wetland Boundary",1,28.10788333,-80.9784,58.57,"Groundcover_FAC","20"
"21","Bull Creek North Site 2015_2016.xlsm",6,"Bull Creek North",1,"Vegetation",2016-06-20,"Holmberg, Lindsey, Garrett-Kraus","Wetland Boundary",1,28.10788333,-80.9784,58.57,"Groundcover_UPL","7"
"22","Bull Creek North Site 2015_2016.xlsm",6,"Bull Creek North",1,"Vegetation",2016-06-20,"Holmberg, Lindsey, Garrett-Kraus","Hydric @ Surface",2,28.10781666,-80.97833333,57.93,"Canopy_OBL","0"
"23","Bull Creek North Site 2015_2016.xlsm",6,"Bull Creek North",1,"Vegetation",2016-06-20,"Holmberg, Lindsey, Garrett-Kraus","Hydric @ Surface",2,28.10781666,-80.97833333,57.93,"Canopy_FACW","0"
"24","Bull Creek North Site 2015_2016.xlsm",6,"Bull Creek North",1,"Vegetation",2016-06-20,"Holmberg, Lindsey, Garrett-Kraus","Hydric @ Surface",2,28.10781666,-80.97833333,57.93,"Canopy_FAC","0"
"25","Bull Creek North Site 2015_2016.xlsm",6,"Bull Creek North",1,"Vegetation",2016-06-20,"Holmberg, Lindsey, Garrett-Kraus","Hydric @ Surface",2,28.10781666,-80.97833333,57.93,"Canopy_UPL","0"
"26","Bull Creek North Site 2015_2016.xlsm",6,"Bull Creek North",1,"Vegetation",2016-06-20,"Holmberg, Lindsey, Garrett-Kraus","Hydric @ Surface",2,28.10781666,-80.97833333,57.93,"Sub-Canopy_OBL","0"
"27","Bull Creek North Site 2015_2016.xlsm",6,"Bull Creek North",1,"Vegetation",2016-06-20,"Holmberg, Lindsey, Garrett-Kraus","Hydric @ Surface",2,28.10781666,-80.97833333,57.93,"Sub-Canopy_FACW","0"
"28","Bull Creek North Site 2015_2016.xlsm",6,"Bull Creek North",1,"Vegetation",2016-06-20,"Holmberg, Lindsey, Garrett-Kraus","Hydric @ Surface",2,28.10781666,-80.97833333,57.93,"Sub-Canopy_FAC","0"
"29","Bull Creek North Site 2015_2016.xlsm",6,"Bull Creek North",1,"Vegetation",2016-06-20,"Holmberg, Lindsey, Garrett-Kraus","Hydric @ Surface",2,28.10781666,-80.97833333,57.93,"Sub-Canopy_UPL","0"
"30","Bull Creek North Site 2015_2016.xlsm",6,"Bull Creek North",1,"Vegetation",2016-06-20,"Holmberg, Lindsey, Garrett-Kraus","Hydric @ Surface",2,28.10781666,-80.97833333,57.93,"Groundcover_OBL","14"
"31","Bull Creek North Site 2015_2016.xlsm",6,"Bull Creek North",1,"Vegetation",2016-06-20,"Holmberg, Lindsey, Garrett-Kraus","Hydric @ Surface",2,28.10781666,-80.97833333,57.93,"Groundcover_FACW","27"
"32","Bull Creek North Site 2015_2016.xlsm",6,"Bull Creek North",1,"Vegetation",2016-06-20,"Holmberg, Lindsey, Garrett-Kraus","Hydric @ Surface",2,28.10781666,-80.97833333,57.93,"Groundcover_FAC","29"
"33","Bull Creek North Site 2015_2016.xlsm",6,"Bull Creek North",1,"Vegetation",2016-06-20,"Holmberg, Lindsey, Garrett-Kraus","Hydric @ Surface",2,28.10781666,-80.97833333,57.93,"Groundcover_UPL","0"
"34","Bull Creek North Site 2015_2016.xlsm",6,"Bull Creek North",1,"Vegetation",2016-06-20,"Holmberg, Lindsey, Garrett-Kraus","Muck @ Surface",3,28.10771666,-80.97816666,NA,"Canopy_OBL","0"
"35","Bull Creek North Site 2015_2016.xlsm",6,"Bull Creek North",1,"Vegetation",2016-06-20,"Holmberg, Lindsey, Garrett-Kraus","Muck @ Surface",3,28.10771666,-80.97816666,NA,"Canopy_FACW","0"
"36","Bull Creek North Site 2015_2016.xlsm",6,"Bull Creek North",1,"Vegetation",2016-06-20,"Holmberg, Lindsey, Garrett-Kraus","Muck @ Surface",3,28.10771666,-80.97816666,NA,"Canopy_FAC","0"
"37","Bull Creek North Site 2015_2016.xlsm",6,"Bull Creek North",1,"Vegetation",2016-06-20,"Holmberg, Lindsey, Garrett-Kraus","Muck @ Surface",3,28.10771666,-80.97816666,NA,"Canopy_UPL","0"
"38","Bull Creek North Site 2015_2016.xlsm",6,"Bull Creek North",1,"Vegetation",2016-06-20,"Holmberg, Lindsey, Garrett-Kraus","Muck @ Surface",3,28.10771666,-80.97816666,NA,"Sub-Canopy_OBL","0"
"39","Bull Creek North Site 2015_2016.xlsm",6,"Bull Creek North",1,"Vegetation",2016-06-20,"Holmberg, Lindsey, Garrett-Kraus","Muck @ Surface",3,28.10771666,-80.97816666,NA,"Sub-Canopy_FACW","0"
"40","Bull Creek North Site 2015_2016.xlsm",6,"Bull Creek North",1,"Vegetation",2016-06-20,"Holmberg, Lindsey, Garrett-Kraus","Muck @ Surface",3,28.10771666,-80.97816666,NA,"Sub-Canopy_FAC","0"
"41","Bull Creek North Site 2015_2016.xlsm",6,"Bull Creek North",1,"Vegetation",2016-06-20,"Holmberg, Lindsey, Garrett-Kraus","Muck @ Surface",3,28.10771666,-80.97816666,NA,"Sub-Canopy_UPL","0"
"42","Bull Creek North Site 2015_2016.xlsm",6,"Bull Creek North",1,"Vegetation",2016-06-20,"Holmberg, Lindsey, Garrett-Kraus","Muck @ Surface",3,28.10771666,-80.97816666,NA,"Groundcover_OBL","129"
"43","Bull Creek North Site 2015_2016.xlsm",6,"Bull Creek North",1,"Vegetation",2016-06-20,"Holmberg, Lindsey, Garrett-Kraus","Muck @ Surface",3,28.10771666,-80.97816666,NA,"Groundcover_FACW","11"
"44","Bull Creek North Site 2015_2016.xlsm",6,"Bull Creek North",1,"Vegetation",2016-06-20,"Holmberg, Lindsey, Garrett-Kraus","Muck @ Surface",3,28.10771666,-80.97816666,NA,"Groundcover_FAC","42"
"45","Bull Creek North Site 2015_2016.xlsm",6,"Bull Creek North",1,"Vegetation",2016-06-20,"Holmberg, Lindsey, Garrett-Kraus","Muck @ Surface",3,28.10771666,-80.97816666,NA,"Groundcover_UPL","0"
"46","Bull Creek North Site 2015_2016.xlsm",6,"Bull Creek North",2,"Soil",2015-12-04,"Holmberg, Hart, Richardson","Wetland Boundary",1,28.1076,-80.97776666,58.54,"S6","Depth: 5 to 14 inches"
"47","Bull Creek North Site 2015_2016.xlsm",6,"Bull Creek North",2,"Soil",2015-12-04,"Holmberg, Hart, Richardson","Hydric @ Surface",2,28.10758333,-80.97783333,57.95,"S8","Depth: 0 to 14 inches"
"48","Bull Creek North Site 2015_2016.xlsm",6,"Bull Creek North",2,"Soil",2015-12-04,"Holmberg, Hart, Richardson","Hydric @ Surface",2,28.10758333,-80.97783333,57.95,"S7","Depth: 0 to 4 inches"
"49","Bull Creek North Site 2015_2016.xlsm",6,"Bull Creek North",2,"Soil",2015-12-04,"Holmberg, Hart, Richardson","Muck @ Surface",3,28.10758333,-80.97781666,57.94,"S7","Depth: 0 to 6 inches"
"50","Bull Creek North Site 2015_2016.xlsm",6,"Bull Creek North",2,"Soil",2015-12-04,"Holmberg, Hart, Richardson","Muck @ Surface",3,28.10758333,-80.97781666,57.94,"A8","Depth: 0 to 1 inches"
"51","Bull Creek North Site 2015_2016.xlsm",6,"Bull Creek North",2,"Vegetation",2016-06-20,"Holmberg, Lindsey, Garrett-Kraus","Wetland Boundary",1,28.1076,-80.97776666,58.54,"Canopy_OBL","0"
"52","Bull Creek North Site 2015_2016.xlsm",6,"Bull Creek North",2,"Vegetation",2016-06-20,"Holmberg, Lindsey, Garrett-Kraus","Wetland Boundary",1,28.1076,-80.97776666,58.54,"Canopy_FACW","0"
"53","Bull Creek North Site 2015_2016.xlsm",6,"Bull Creek North",2,"Vegetation",2016-06-20,"Holmberg, Lindsey, Garrett-Kraus","Wetland Boundary",1,28.1076,-80.97776666,58.54,"Canopy_FAC","0"
"54","Bull Creek North Site 2015_2016.xlsm",6,"Bull Creek North",2,"Vegetation",2016-06-20,"Holmberg, Lindsey, Garrett-Kraus","Wetland Boundary",1,28.1076,-80.97776666,58.54,"Canopy_UPL","0"
"55","Bull Creek North Site 2015_2016.xlsm",6,"Bull Creek North",2,"Vegetation",2016-06-20,"Holmberg, Lindsey, Garrett-Kraus","Wetland Boundary",1,28.1076,-80.97776666,58.54,"Sub-Canopy_OBL","0"
"56","Bull Creek North Site 2015_2016.xlsm",6,"Bull Creek North",2,"Vegetation",2016-06-20,"Holmberg, Lindsey, Garrett-Kraus","Wetland Boundary",1,28.1076,-80.97776666,58.54,"Sub-Canopy_FACW","0"
"57","Bull Creek North Site 2015_2016.xlsm",6,"Bull Creek North",2,"Vegetation",2016-06-20,"Holmberg, Lindsey, Garrett-Kraus","Wetland Boundary",1,28.1076,-80.97776666,58.54,"Sub-Canopy_FAC","0"
"58","Bull Creek North Site 2015_2016.xlsm",6,"Bull Creek North",2,"Vegetation",2016-06-20,"Holmberg, Lindsey, Garrett-Kraus","Wetland Boundary",1,28.1076,-80.97776666,58.54,"Sub-Canopy_UPL","0"
"59","Bull Creek North Site 2015_2016.xlsm",6,"Bull Creek North",2,"Vegetation",2016-06-20,"Holmberg, Lindsey, Garrett-Kraus","Wetland Boundary",1,28.1076,-80.97776666,58.54,"Groundcover_OBL","28"
"60","Bull Creek North Site 2015_2016.xlsm",6,"Bull Creek North",2,"Vegetation",2016-06-20,"Holmberg, Lindsey, Garrett-Kraus","Wetland Boundary",1,28.1076,-80.97776666,58.54,"Groundcover_FACW","20"
"61","Bull Creek North Site 2015_2016.xlsm",6,"Bull Creek North",2,"Vegetation",2016-06-20,"Holmberg, Lindsey, Garrett-Kraus","Wetland Boundary",1,28.1076,-80.97776666,58.54,"Groundcover_FAC","26"
"62","Bull Creek North Site 2015_2016.xlsm",6,"Bull Creek North",2,"Vegetation",2016-06-20,"Holmberg, Lindsey, Garrett-Kraus","Wetland Boundary",1,28.1076,-80.97776666,58.54,"Groundcover_UPL","40"
"63","Bull Creek North Site 2015_2016.xlsm",6,"Bull Creek North",2,"Vegetation",2016-06-20,"Holmberg, Lindsey, Garrett-Kraus","Hydric @ Surface",2,28.10758333,-80.97783333,57.95,"Canopy_OBL","0"
"64","Bull Creek North Site 2015_2016.xlsm",6,"Bull Creek North",2,"Vegetation",2016-06-20,"Holmberg, Lindsey, Garrett-Kraus","Hydric @ Surface",2,28.10758333,-80.97783333,57.95,"Canopy_FACW","0"
"65","Bull Creek North Site 2015_2016.xlsm",6,"Bull Creek North",2,"Vegetation",2016-06-20,"Holmberg, Lindsey, Garrett-Kraus","Hydric @ Surface",2,28.10758333,-80.97783333,57.95,"Canopy_FAC","0"
"66","Bull Creek North Site 2015_2016.xlsm",6,"Bull Creek North",2,"Vegetation",2016-06-20,"Holmberg, Lindsey, Garrett-Kraus","Hydric @ Surface",2,28.10758333,-80.97783333,57.95,"Canopy_UPL","0"
"67","Bull Creek North Site 2015_2016.xlsm",6,"Bull Creek North",2,"Vegetation",2016-06-20,"Holmberg, Lindsey, Garrett-Kraus","Hydric @ Surface",2,28.10758333,-80.97783333,57.95,"Sub-Canopy_OBL","0"
"68","Bull Creek North Site 2015_2016.xlsm",6,"Bull Creek North",2,"Vegetation",2016-06-20,"Holmberg, Lindsey, Garrett-Kraus","Hydric @ Surface",2,28.10758333,-80.97783333,57.95,"Sub-Canopy_FACW","0"
"69","Bull Creek North Site 2015_2016.xlsm",6,"Bull Creek North",2,"Vegetation",2016-06-20,"Holmberg, Lindsey, Garrett-Kraus","Hydric @ Surface",2,28.10758333,-80.97783333,57.95,"Sub-Canopy_FAC","0"
"70","Bull Creek North Site 2015_2016.xlsm",6,"Bull Creek North",2,"Vegetation",2016-06-20,"Holmberg, Lindsey, Garrett-Kraus","Hydric @ Surface",2,28.10758333,-80.97783333,57.95,"Sub-Canopy_UPL","0"
"71","Bull Creek North Site 2015_2016.xlsm",6,"Bull Creek North",2,"Vegetation",2016-06-20,"Holmberg, Lindsey, Garrett-Kraus","Hydric @ Surface",2,28.10758333,-80.97783333,57.95,"Groundcover_OBL","52"
"72","Bull Creek North Site 2015_2016.xlsm",6,"Bull Creek North",2,"Vegetation",2016-06-20,"Holmberg, Lindsey, Garrett-Kraus","Hydric @ Surface",2,28.10758333,-80.97783333,57.95,"Groundcover_FACW","32"
"73","Bull Creek North Site 2015_2016.xlsm",6,"Bull Creek North",2,"Vegetation",2016-06-20,"Holmberg, Lindsey, Garrett-Kraus","Hydric @ Surface",2,28.10758333,-80.97783333,57.95,"Groundcover_FAC","13"
"74","Bull Creek North Site 2015_2016.xlsm",6,"Bull Creek North",2,"Vegetation",2016-06-20,"Holmberg, Lindsey, Garrett-Kraus","Hydric @ Surface",2,28.10758333,-80.97783333,57.95,"Groundcover_UPL","0"
"75","Bull Creek North Site 2015_2016.xlsm",6,"Bull Creek North",2,"Vegetation",2016-06-20,"Holmberg, Lindsey, Garrett-Kraus","Muck @ Surface",3,28.10758333,-80.97781666,57.94,"Canopy_OBL","0"
"76","Bull Creek North Site 2015_2016.xlsm",6,"Bull Creek North",2,"Vegetation",2016-06-20,"Holmberg, Lindsey, Garrett-Kraus","Muck @ Surface",3,28.10758333,-80.97781666,57.94,"Canopy_FACW","0"
"77","Bull Creek North Site 2015_2016.xlsm",6,"Bull Creek North",2,"Vegetation",2016-06-20,"Holmberg, Lindsey, Garrett-Kraus","Muck @ Surface",3,28.10758333,-80.97781666,57.94,"Canopy_FAC","0"
"78","Bull Creek North Site 2015_2016.xlsm",6,"Bull Creek North",2,"Vegetation",2016-06-20,"Holmberg, Lindsey, Garrett-Kraus","Muck @ Surface",3,28.10758333,-80.97781666,57.94,"Canopy_UPL","0"
"79","Bull Creek North Site 2015_2016.xlsm",6,"Bull Creek North",2,"Vegetation",2016-06-20,"Holmberg, Lindsey, Garrett-Kraus","Muck @ Surface",3,28.10758333,-80.97781666,57.94,"Sub-Canopy_OBL","0"
"80","Bull Creek North Site 2015_2016.xlsm",6,"Bull Creek North",2,"Vegetation",2016-06-20,"Holmberg, Lindsey, Garrett-Kraus","Muck @ Surface",3,28.10758333,-80.97781666,57.94,"Sub-Canopy_FACW","0"
"81","Bull Creek North Site 2015_2016.xlsm",6,"Bull Creek North",2,"Vegetation",2016-06-20,"Holmberg, Lindsey, Garrett-Kraus","Muck @ Surface",3,28.10758333,-80.97781666,57.94,"Sub-Canopy_FAC","0"
"82","Bull Creek North Site 2015_2016.xlsm",6,"Bull Creek North",2,"Vegetation",2016-06-20,"Holmberg, Lindsey, Garrett-Kraus","Muck @ Surface",3,28.10758333,-80.97781666,57.94,"Sub-Canopy_UPL","0"
"83","Bull Creek North Site 2015_2016.xlsm",6,"Bull Creek North",2,"Vegetation",2016-06-20,"Holmberg, Lindsey, Garrett-Kraus","Muck @ Surface",3,28.10758333,-80.97781666,57.94,"Groundcover_OBL","44"
"84","Bull Creek North Site 2015_2016.xlsm",6,"Bull Creek North",2,"Vegetation",2016-06-20,"Holmberg, Lindsey, Garrett-Kraus","Muck @ Surface",3,28.10758333,-80.97781666,57.94,"Groundcover_FACW","10"
"85","Bull Creek North Site 2015_2016.xlsm",6,"Bull Creek North",2,"Vegetation",2016-06-20,"Holmberg, Lindsey, Garrett-Kraus","Muck @ Surface",3,28.10758333,-80.97781666,57.94,"Groundcover_FAC","51"
"86","Bull Creek North Site 2015_2016.xlsm",6,"Bull Creek North",2,"Vegetation",2016-06-20,"Holmberg, Lindsey, Garrett-Kraus","Muck @ Surface",3,28.10758333,-80.97781666,57.94,"Groundcover_UPL","0"
"87","Bull Creek North Site 2015_2016.xlsm",6,"Bull Creek North",3,"Soil",2015-12-04,"Hart, Richardson, Holmberg","Wetland Boundry, Hydric @ Surface, and Muck @ Surface",1,28.10745,-80.97838333,59.01,"S7","Depth: 1.5 to 5 inches"
"88","Bull Creek North Site 2015_2016.xlsm",6,"Bull Creek North",3,"Soil",2015-12-04,"Hart, Richardson, Holmberg","Wetland Boundry, Hydric @ Surface, and Muck @ Surface",1,28.10745,-80.97838333,59.01,"A8","Depth: 0 to 1.5 inches"
"89","Bull Creek North Site 2015_2016.xlsm",6,"Bull Creek North",3,"Soil",2015-12-04,"Hart, Richardson, Holmberg","Wetland Boundry, Hydric @ Surface, and Muck @ Surface",1,28.10745,-80.97838333,59.01,"A6","Depth: 0 to 1.5 inches"
"90","Bull Creek North Site 2015_2016.xlsm",6,"Bull Creek North",3,"Vegetation",2016-06-20,"Holmberg, Lindsey, Garrett-Kraus","Wetland Boundry, Hydric @ Surface, and Muck @ Surface",1,28.10745,-80.97838333,59.01,"Canopy_OBL","0"
"91","Bull Creek North Site 2015_2016.xlsm",6,"Bull Creek North",3,"Vegetation",2016-06-20,"Holmberg, Lindsey, Garrett-Kraus","Wetland Boundry, Hydric @ Surface, and Muck @ Surface",1,28.10745,-80.97838333,59.01,"Canopy_FACW","0"
"92","Bull Creek North Site 2015_2016.xlsm",6,"Bull Creek North",3,"Vegetation",2016-06-20,"Holmberg, Lindsey, Garrett-Kraus","Wetland Boundry, Hydric @ Surface, and Muck @ Surface",1,28.10745,-80.97838333,59.01,"Canopy_FAC","0"
"93","Bull Creek North Site 2015_2016.xlsm",6,"Bull Creek North",3,"Vegetation",2016-06-20,"Holmberg, Lindsey, Garrett-Kraus","Wetland Boundry, Hydric @ Surface, and Muck @ Surface",1,28.10745,-80.97838333,59.01,"Canopy_UPL","0"
"94","Bull Creek North Site 2015_2016.xlsm",6,"Bull Creek North",3,"Vegetation",2016-06-20,"Holmberg, Lindsey, Garrett-Kraus","Wetland Boundry, Hydric @ Surface, and Muck @ Surface",1,28.10745,-80.97838333,59.01,"Sub-Canopy_OBL","0"
"95","Bull Creek North Site 2015_2016.xlsm",6,"Bull Creek North",3,"Vegetation",2016-06-20,"Holmberg, Lindsey, Garrett-Kraus","Wetland Boundry, Hydric @ Surface, and Muck @ Surface",1,28.10745,-80.97838333,59.01,"Sub-Canopy_FACW","0"
"96","Bull Creek North Site 2015_2016.xlsm",6,"Bull Creek North",3,"Vegetation",2016-06-20,"Holmberg, Lindsey, Garrett-Kraus","Wetland Boundry, Hydric @ Surface, and Muck @ Surface",1,28.10745,-80.97838333,59.01,"Sub-Canopy_FAC","0"
"97","Bull Creek North Site 2015_2016.xlsm",6,"Bull Creek North",3,"Vegetation",2016-06-20,"Holmberg, Lindsey, Garrett-Kraus","Wetland Boundry, Hydric @ Surface, and Muck @ Surface",1,28.10745,-80.97838333,59.01,"Sub-Canopy_UPL","0"
"98","Bull Creek North Site 2015_2016.xlsm",6,"Bull Creek North",3,"Vegetation",2016-06-20,"Holmberg, Lindsey, Garrett-Kraus","Wetland Boundry, Hydric @ Surface, and Muck @ Surface",1,28.10745,-80.97838333,59.01,"Groundcover_OBL","1"
"99","Bull Creek North Site 2015_2016.xlsm",6,"Bull Creek North",3,"Vegetation",2016-06-20,"Holmberg, Lindsey, Garrett-Kraus","Wetland Boundry, Hydric @ Surface, and Muck @ Surface",1,28.10745,-80.97838333,59.01,"Groundcover_FACW","6"
"100","Bull Creek North Site 2015_2016.xlsm",6,"Bull Creek North",3,"Vegetation",2016-06-20,"Holmberg, Lindsey, Garrett-Kraus","Wetland Boundry, Hydric @ Surface, and Muck @ Surface",1,28.10745,-80.97838333,59.01,"Groundcover_FAC","1"
"101","Bull Creek North Site 2015_2016.xlsm",6,"Bull Creek North",3,"Vegetation",2016-06-20,"Holmberg, Lindsey, Garrett-Kraus","Wetland Boundry, Hydric @ Surface, and Muck @ Surface",1,28.10745,-80.97838333,59.01,"Groundcover_UPL","80"
"102","MOD_Pasture Reserve  1 Data_11-13-19PDT.xlsm",156,"Pasture Reserve 1",1,"Soil",2019-04-30,"MH, KRH, DC, TJV, OR","Hydric @ Surface",2,28.4898187724,-81.8784900137,105.61,"A6","Depth: 0 to 0.5 inches"
"103","MOD_Pasture Reserve  1 Data_11-13-19PDT.xlsm",156,"Pasture Reserve 1",1,"Soil",2019-04-30,"MH, KRH, DC, TJV, OR","Hydric @ Surface",2,28.4898187724,-81.8784900137,105.61,"S7","Depth: 0 to 4 inches"
"104","MOD_Pasture Reserve  1 Data_11-13-19PDT.xlsm",156,"Pasture Reserve 1",1,"Soil",2019-04-30,"MH, KRH, DC, TJV, OR","Muck @ Surface",3,28.4897912964,-81.878521176,104.88,"S7","Depth: 0 to 12 inches"
"105","MOD_Pasture Reserve  1 Data_11-13-19PDT.xlsm",156,"Pasture Reserve 1",1,"Soil",2019-04-30,"MH, KRH, DC, TJV, OR","Muck @ Surface",3,28.4897912964,-81.878521176,104.88,"A8","Depth: 0 to 3 inches"
"106","MOD_Pasture Reserve  1 Data_11-13-19PDT.xlsm",156,"Pasture Reserve 1",1,"Soil",2019-04-30,"MH, KRH, DC, TJV, OR","Muck @ Surface",3,28.4897912964,-81.878521176,104.88,"A9","Depth: 0 to 3 inches"
"107","MOD_Pasture Reserve  1 Data_11-13-19PDT.xlsm",156,"Pasture Reserve 1",1,"Soil",2019-04-30,"MH, KRH, DC, TJV, OR","Muck @ Surface",3,28.4897912964,-81.878521176,104.88,"S9","Depth: 0 to 12 inches"
"108","MOD_Pasture Reserve  1 Data_11-13-19PDT.xlsm",156,"Pasture Reserve 1",1,"Vegetation",2019-06-17,"MH, KRH, DC, TJV","Hydric @ Surface",2,28.4898187724,-81.8784900137,105.61,"Canopy_OBL","40"
"109","MOD_Pasture Reserve  1 Data_11-13-19PDT.xlsm",156,"Pasture Reserve 1",1,"Vegetation",2019-06-17,"MH, KRH, DC, TJV","Hydric @ Surface",2,28.4898187724,-81.8784900137,105.61,"Canopy_FACW","25"
"110","MOD_Pasture Reserve  1 Data_11-13-19PDT.xlsm",156,"Pasture Reserve 1",1,"Vegetation",2019-06-17,"MH, KRH, DC, TJV","Hydric @ Surface",2,28.4898187724,-81.8784900137,105.61,"Canopy_FAC","0"
"111","MOD_Pasture Reserve  1 Data_11-13-19PDT.xlsm",156,"Pasture Reserve 1",1,"Vegetation",2019-06-17,"MH, KRH, DC, TJV","Hydric @ Surface",2,28.4898187724,-81.8784900137,105.61,"Canopy_UPL","15"
"112","MOD_Pasture Reserve  1 Data_11-13-19PDT.xlsm",156,"Pasture Reserve 1",1,"Vegetation",2019-06-17,"MH, KRH, DC, TJV","Hydric @ Surface",2,28.4898187724,-81.8784900137,105.61,"Sub-Canopy_OBL","12"
"113","MOD_Pasture Reserve  1 Data_11-13-19PDT.xlsm",156,"Pasture Reserve 1",1,"Vegetation",2019-06-17,"MH, KRH, DC, TJV","Hydric @ Surface",2,28.4898187724,-81.8784900137,105.61,"Sub-Canopy_FACW","0"
"114","MOD_Pasture Reserve  1 Data_11-13-19PDT.xlsm",156,"Pasture Reserve 1",1,"Vegetation",2019-06-17,"MH, KRH, DC, TJV","Hydric @ Surface",2,28.4898187724,-81.8784900137,105.61,"Sub-Canopy_FAC","5"
"115","MOD_Pasture Reserve  1 Data_11-13-19PDT.xlsm",156,"Pasture Reserve 1",1,"Vegetation",2019-06-17,"MH, KRH, DC, TJV","Hydric @ Surface",2,28.4898187724,-81.8784900137,105.61,"Sub-Canopy_UPL","0"
"116","MOD_Pasture Reserve  1 Data_11-13-19PDT.xlsm",156,"Pasture Reserve 1",1,"Vegetation",2019-06-17,"MH, KRH, DC, TJV","Hydric @ Surface",2,28.4898187724,-81.8784900137,105.61,"Groundcover_OBL","35"
"117","MOD_Pasture Reserve  1 Data_11-13-19PDT.xlsm",156,"Pasture Reserve 1",1,"Vegetation",2019-06-17,"MH, KRH, DC, TJV","Hydric @ Surface",2,28.4898187724,-81.8784900137,105.61,"Groundcover_FACW","35"
"118","MOD_Pasture Reserve  1 Data_11-13-19PDT.xlsm",156,"Pasture Reserve 1",1,"Vegetation",2019-06-17,"MH, KRH, DC, TJV","Hydric @ Surface",2,28.4898187724,-81.8784900137,105.61,"Groundcover_FAC","27"
"119","MOD_Pasture Reserve  1 Data_11-13-19PDT.xlsm",156,"Pasture Reserve 1",1,"Vegetation",2019-06-17,"MH, KRH, DC, TJV","Hydric @ Surface",2,28.4898187724,-81.8784900137,105.61,"Groundcover_UPL","0"
"120","MOD_Pasture Reserve  1 Data_11-13-19PDT.xlsm",156,"Pasture Reserve 1",1,"Vegetation",2019-06-17,"MH, KRH, DC, TJV","Muck @ Surface",3,28.4897912964,-81.878521176,104.88,"Canopy_OBL","50"
"121","MOD_Pasture Reserve  1 Data_11-13-19PDT.xlsm",156,"Pasture Reserve 1",1,"Vegetation",2019-06-17,"MH, KRH, DC, TJV","Muck @ Surface",3,28.4897912964,-81.878521176,104.88,"Canopy_FACW","0"
"122","MOD_Pasture Reserve  1 Data_11-13-19PDT.xlsm",156,"Pasture Reserve 1",1,"Vegetation",2019-06-17,"MH, KRH, DC, TJV","Muck @ Surface",3,28.4897912964,-81.878521176,104.88,"Canopy_FAC","5"
"123","MOD_Pasture Reserve  1 Data_11-13-19PDT.xlsm",156,"Pasture Reserve 1",1,"Vegetation",2019-06-17,"MH, KRH, DC, TJV","Muck @ Surface",3,28.4897912964,-81.878521176,104.88,"Canopy_UPL","0"
"124","MOD_Pasture Reserve  1 Data_11-13-19PDT.xlsm",156,"Pasture Reserve 1",1,"Vegetation",2019-06-17,"MH, KRH, DC, TJV","Muck @ Surface",3,28.4897912964,-81.878521176,104.88,"Sub-Canopy_OBL","5"
"125","MOD_Pasture Reserve  1 Data_11-13-19PDT.xlsm",156,"Pasture Reserve 1",1,"Vegetation",2019-06-17,"MH, KRH, DC, TJV","Muck @ Surface",3,28.4897912964,-81.878521176,104.88,"Sub-Canopy_FACW","5"
"126","MOD_Pasture Reserve  1 Data_11-13-19PDT.xlsm",156,"Pasture Reserve 1",1,"Vegetation",2019-06-17,"MH, KRH, DC, TJV","Muck @ Surface",3,28.4897912964,-81.878521176,104.88,"Sub-Canopy_FAC","5"
"127","MOD_Pasture Reserve  1 Data_11-13-19PDT.xlsm",156,"Pasture Reserve 1",1,"Vegetation",2019-06-17,"MH, KRH, DC, TJV","Muck @ Surface",3,28.4897912964,-81.878521176,104.88,"Sub-Canopy_UPL","0"
"128","MOD_Pasture Reserve  1 Data_11-13-19PDT.xlsm",156,"Pasture Reserve 1",1,"Vegetation",2019-06-17,"MH, KRH, DC, TJV","Muck @ Surface",3,28.4897912964,-81.878521176,104.88,"Groundcover_OBL","16"
"129","MOD_Pasture Reserve  1 Data_11-13-19PDT.xlsm",156,"Pasture Reserve 1",1,"Vegetation",2019-06-17,"MH, KRH, DC, TJV","Muck @ Surface",3,28.4897912964,-81.878521176,104.88,"Groundcover_FACW","46"
"130","MOD_Pasture Reserve  1 Data_11-13-19PDT.xlsm",156,"Pasture Reserve 1",1,"Vegetation",2019-06-17,"MH, KRH, DC, TJV","Muck @ Surface",3,28.4897912964,-81.878521176,104.88,"Groundcover_FAC","32"
"131","MOD_Pasture Reserve  1 Data_11-13-19PDT.xlsm",156,"Pasture Reserve 1",1,"Vegetation",2019-06-17,"MH, KRH, DC, TJV","Muck @ Surface",3,28.4897912964,-81.878521176,104.88,"Groundcover_UPL","10"
"132","MOD_Pasture Reserve  1 Data_11-13-19PDT.xlsm",156,"Pasture Reserve 1",1,"Vegetation",2019-06-17,"MH, KRH, DC, TJV","Other",1,NA,NA,NA,"Canopy_OBL","0"
"133","MOD_Pasture Reserve  1 Data_11-13-19PDT.xlsm",156,"Pasture Reserve 1",1,"Vegetation",2019-06-17,"MH, KRH, DC, TJV","Other",1,NA,NA,NA,"Canopy_FACW","0"
"134","MOD_Pasture Reserve  1 Data_11-13-19PDT.xlsm",156,"Pasture Reserve 1",1,"Vegetation",2019-06-17,"MH, KRH, DC, TJV","Other",1,NA,NA,NA,"Canopy_FAC","0"
"135","MOD_Pasture Reserve  1 Data_11-13-19PDT.xlsm",156,"Pasture Reserve 1",1,"Vegetation",2019-06-17,"MH, KRH, DC, TJV","Other",1,NA,NA,NA,"Canopy_UPL","0"
"136","MOD_Pasture Reserve  1 Data_11-13-19PDT.xlsm",156,"Pasture Reserve 1",1,"Vegetation",2019-06-17,"MH, KRH, DC, TJV","Other",1,NA,NA,NA,"Sub-Canopy_OBL","5"
"137","MOD_Pasture Reserve  1 Data_11-13-19PDT.xlsm",156,"Pasture Reserve 1",1,"Vegetation",2019-06-17,"MH, KRH, DC, TJV","Other",1,NA,NA,NA,"Sub-Canopy_FACW","0"
"138","MOD_Pasture Reserve  1 Data_11-13-19PDT.xlsm",156,"Pasture Reserve 1",1,"Vegetation",2019-06-17,"MH, KRH, DC, TJV","Other",1,NA,NA,NA,"Sub-Canopy_FAC","0"
"139","MOD_Pasture Reserve  1 Data_11-13-19PDT.xlsm",156,"Pasture Reserve 1",1,"Vegetation",2019-06-17,"MH, KRH, DC, TJV","Other",1,NA,NA,NA,"Sub-Canopy_UPL","0"
"140","MOD_Pasture Reserve  1 Data_11-13-19PDT.xlsm",156,"Pasture Reserve 1",1,"Vegetation",2019-06-17,"MH, KRH, DC, TJV","Other",1,NA,NA,NA,"Groundcover_OBL","10"
"141","MOD_Pasture Reserve  1 Data_11-13-19PDT.xlsm",156,"Pasture Reserve 1",1,"Vegetation",2019-06-17,"MH, KRH, DC, TJV","Other",1,NA,NA,NA,"Groundcover_FACW","11"
"142","MOD_Pasture Reserve  1 Data_11-13-19PDT.xlsm",156,"Pasture Reserve 1",1,"Vegetation",2019-06-17,"MH, KRH, DC, TJV","Other",1,NA,NA,NA,"Groundcover_FAC","46"
"143","MOD_Pasture Reserve  1 Data_11-13-19PDT.xlsm",156,"Pasture Reserve 1",1,"Vegetation",2019-06-17,"MH, KRH, DC, TJV","Other",1,NA,NA,NA,"Groundcover_UPL","0"
"144","MOD_Pasture Reserve  1 Data_11-13-19PDT.xlsm",156,"Pasture Reserve 1",2,"Hydrologic",2019-04-30,"MH, TV, KRH, OR, DC","Cypress buttress inflection",1,28.4864141355,-81.8788737023,107.52,NA,NA
"145","MOD_Pasture Reserve  1 Data_11-13-19PDT.xlsm",156,"Pasture Reserve 1",2,"Hydrologic",2019-04-30,"MH, TV, KRH, OR, DC","Cypress buttress inflection",2,28.4862932017,-81.8789672313,107.56,NA,NA
"146","MOD_Pasture Reserve  1 Data_11-13-19PDT.xlsm",156,"Pasture Reserve 1",2,"Hydrologic",2019-04-30,"MH, TV, KRH, OR, DC","Adventitous root on Cypress",3,28.4864143311,-81.8789203976,107.82,NA,NA
"147","MOD_Pasture Reserve  1 Data_11-13-19PDT.xlsm",156,"Pasture Reserve 1",2,"Soil",2019-04-30,"MH, KRH, DC, TJV, OR","Hydric @ Surface",2,28.4866526621,-81.8780266821,105.69,"A8","Depth: 0 to 0.3 inches"
"148","MOD_Pasture Reserve  1 Data_11-13-19PDT.xlsm",156,"Pasture Reserve 1",2,"Soil",2019-04-30,"MH, KRH, DC, TJV, OR","Muck @ Surface",3,28.4866719259,-81.8780391121,105.16,"A8","Depth: 0 to 0.8 inches"
"149","MOD_Pasture Reserve  1 Data_11-13-19PDT.xlsm",156,"Pasture Reserve 1",2,"Soil",2019-04-30,"MH, KRH, DC, TJV, OR","Muck @ Surface",3,28.4866719259,-81.8780391121,105.16,"A9","Depth: 0 to 0.9 inches"
"150","MOD_Pasture Reserve  1 Data_11-13-19PDT.xlsm",156,"Pasture Reserve 1",2,"Soil",2019-04-30,"MH, KRH, DC, TJV, OR","Muck @ Surface",3,28.4866719259,-81.8780391121,105.16,"S5","Depth: 4 to 8 inches"
"151","MOD_Pasture Reserve  1 Data_11-13-19PDT.xlsm",156,"Pasture Reserve 1",2,"Soil",2019-04-30,"MH, KRH, DC, TJV, OR","Wetland Boundary",1,28.486583801,-81.8779146917,105.7,"S6","Depth: 5 to 7 inches"
"152","MOD_Pasture Reserve  1 Data_11-13-19PDT.xlsm",156,"Pasture Reserve 1",2,"Vegetation",2019-06-17,"KRH, MH, DC, TJV","Hydric @ Surface",2,28.4866526621,-81.8780266821,105.69,"Canopy_OBL","45"
"153","MOD_Pasture Reserve  1 Data_11-13-19PDT.xlsm",156,"Pasture Reserve 1",2,"Vegetation",2019-06-17,"KRH, MH, DC, TJV","Hydric @ Surface",2,28.4866526621,-81.8780266821,105.69,"Canopy_FACW","60"
"154","MOD_Pasture Reserve  1 Data_11-13-19PDT.xlsm",156,"Pasture Reserve 1",2,"Vegetation",2019-06-17,"KRH, MH, DC, TJV","Hydric @ Surface",2,28.4866526621,-81.8780266821,105.69,"Canopy_FAC","0"
"155","MOD_Pasture Reserve  1 Data_11-13-19PDT.xlsm",156,"Pasture Reserve 1",2,"Vegetation",2019-06-17,"KRH, MH, DC, TJV","Hydric @ Surface",2,28.4866526621,-81.8780266821,105.69,"Canopy_UPL","0"
"156","MOD_Pasture Reserve  1 Data_11-13-19PDT.xlsm",156,"Pasture Reserve 1",2,"Vegetation",2019-06-17,"KRH, MH, DC, TJV","Hydric @ Surface",2,28.4866526621,-81.8780266821,105.69,"Sub-Canopy_OBL","10"
"157","MOD_Pasture Reserve  1 Data_11-13-19PDT.xlsm",156,"Pasture Reserve 1",2,"Vegetation",2019-06-17,"KRH, MH, DC, TJV","Hydric @ Surface",2,28.4866526621,-81.8780266821,105.69,"Sub-Canopy_FACW","5"
"158","MOD_Pasture Reserve  1 Data_11-13-19PDT.xlsm",156,"Pasture Reserve 1",2,"Vegetation",2019-06-17,"KRH, MH, DC, TJV","Hydric @ Surface",2,28.4866526621,-81.8780266821,105.69,"Sub-Canopy_FAC","0"
"159","MOD_Pasture Reserve  1 Data_11-13-19PDT.xlsm",156,"Pasture Reserve 1",2,"Vegetation",2019-06-17,"KRH, MH, DC, TJV","Hydric @ Surface",2,28.4866526621,-81.8780266821,105.69,"Sub-Canopy_UPL","0"
"160","MOD_Pasture Reserve  1 Data_11-13-19PDT.xlsm",156,"Pasture Reserve 1",2,"Vegetation",2019-06-17,"KRH, MH, DC, TJV","Hydric @ Surface",2,28.4866526621,-81.8780266821,105.69,"Groundcover_OBL","6"
"161","MOD_Pasture Reserve  1 Data_11-13-19PDT.xlsm",156,"Pasture Reserve 1",2,"Vegetation",2019-06-17,"KRH, MH, DC, TJV","Hydric @ Surface",2,28.4866526621,-81.8780266821,105.69,"Groundcover_FACW","56"
"162","MOD_Pasture Reserve  1 Data_11-13-19PDT.xlsm",156,"Pasture Reserve 1",2,"Vegetation",2019-06-17,"KRH, MH, DC, TJV","Hydric @ Surface",2,28.4866526621,-81.8780266821,105.69,"Groundcover_FAC","11"
"163","MOD_Pasture Reserve  1 Data_11-13-19PDT.xlsm",156,"Pasture Reserve 1",2,"Vegetation",2019-06-17,"KRH, MH, DC, TJV","Hydric @ Surface",2,28.4866526621,-81.8780266821,105.69,"Groundcover_UPL","0"
"164","MOD_Pasture Reserve  1 Data_11-13-19PDT.xlsm",156,"Pasture Reserve 1",2,"Vegetation",2019-06-17,"KRH, MH, DC, TJV","Muck @ Surface",3,28.4866719259,-81.8780391121,105.16,"Canopy_OBL","15"
"165","MOD_Pasture Reserve  1 Data_11-13-19PDT.xlsm",156,"Pasture Reserve 1",2,"Vegetation",2019-06-17,"KRH, MH, DC, TJV","Muck @ Surface",3,28.4866719259,-81.8780391121,105.16,"Canopy_FACW","55"
"166","MOD_Pasture Reserve  1 Data_11-13-19PDT.xlsm",156,"Pasture Reserve 1",2,"Vegetation",2019-06-17,"KRH, MH, DC, TJV","Muck @ Surface",3,28.4866719259,-81.8780391121,105.16,"Canopy_FAC","0"
"167","MOD_Pasture Reserve  1 Data_11-13-19PDT.xlsm",156,"Pasture Reserve 1",2,"Vegetation",2019-06-17,"KRH, MH, DC, TJV","Muck @ Surface",3,28.4866719259,-81.8780391121,105.16,"Canopy_UPL","0"
"168","MOD_Pasture Reserve  1 Data_11-13-19PDT.xlsm",156,"Pasture Reserve 1",2,"Vegetation",2019-06-17,"KRH, MH, DC, TJV","Muck @ Surface",3,28.4866719259,-81.8780391121,105.16,"Sub-Canopy_OBL","15"
"169","MOD_Pasture Reserve  1 Data_11-13-19PDT.xlsm",156,"Pasture Reserve 1",2,"Vegetation",2019-06-17,"KRH, MH, DC, TJV","Muck @ Surface",3,28.4866719259,-81.8780391121,105.16,"Sub-Canopy_FACW","5"
"170","MOD_Pasture Reserve  1 Data_11-13-19PDT.xlsm",156,"Pasture Reserve 1",2,"Vegetation",2019-06-17,"KRH, MH, DC, TJV","Muck @ Surface",3,28.4866719259,-81.8780391121,105.16,"Sub-Canopy_FAC","5"
"171","MOD_Pasture Reserve  1 Data_11-13-19PDT.xlsm",156,"Pasture Reserve 1",2,"Vegetation",2019-06-17,"KRH, MH, DC, TJV","Muck @ Surface",3,28.4866719259,-81.8780391121,105.16,"Sub-Canopy_UPL","0"
"172","MOD_Pasture Reserve  1 Data_11-13-19PDT.xlsm",156,"Pasture Reserve 1",2,"Vegetation",2019-06-17,"KRH, MH, DC, TJV","Muck @ Surface",3,28.4866719259,-81.8780391121,105.16,"Groundcover_OBL","2"
"173","MOD_Pasture Reserve  1 Data_11-13-19PDT.xlsm",156,"Pasture Reserve 1",2,"Vegetation",2019-06-17,"KRH, MH, DC, TJV","Muck @ Surface",3,28.4866719259,-81.8780391121,105.16,"Groundcover_FACW","31"
"174","MOD_Pasture Reserve  1 Data_11-13-19PDT.xlsm",156,"Pasture Reserve 1",2,"Vegetation",2019-06-17,"KRH, MH, DC, TJV","Muck @ Surface",3,28.4866719259,-81.8780391121,105.16,"Groundcover_FAC","21"
"175","MOD_Pasture Reserve  1 Data_11-13-19PDT.xlsm",156,"Pasture Reserve 1",2,"Vegetation",2019-06-17,"KRH, MH, DC, TJV","Muck @ Surface",3,28.4866719259,-81.8780391121,105.16,"Groundcover_UPL","0"
"176","MOD_Pasture Reserve  1 Data_11-13-19PDT.xlsm",156,"Pasture Reserve 1",2,"Vegetation",2019-06-17,"KRH, MH, DC, TJV","Wetland Boundary",1,28.486583801,-81.8779146917,105.7,"Canopy_OBL","0"
"177","MOD_Pasture Reserve  1 Data_11-13-19PDT.xlsm",156,"Pasture Reserve 1",2,"Vegetation",2019-06-17,"KRH, MH, DC, TJV","Wetland Boundary",1,28.486583801,-81.8779146917,105.7,"Canopy_FACW","60"
"178","MOD_Pasture Reserve  1 Data_11-13-19PDT.xlsm",156,"Pasture Reserve 1",2,"Vegetation",2019-06-17,"KRH, MH, DC, TJV","Wetland Boundary",1,28.486583801,-81.8779146917,105.7,"Canopy_FAC","0"
"179","MOD_Pasture Reserve  1 Data_11-13-19PDT.xlsm",156,"Pasture Reserve 1",2,"Vegetation",2019-06-17,"KRH, MH, DC, TJV","Wetland Boundary",1,28.486583801,-81.8779146917,105.7,"Canopy_UPL","0"
"180","MOD_Pasture Reserve  1 Data_11-13-19PDT.xlsm",156,"Pasture Reserve 1",2,"Vegetation",2019-06-17,"KRH, MH, DC, TJV","Wetland Boundary",1,28.486583801,-81.8779146917,105.7,"Sub-Canopy_OBL","0"
"181","MOD_Pasture Reserve  1 Data_11-13-19PDT.xlsm",156,"Pasture Reserve 1",2,"Vegetation",2019-06-17,"KRH, MH, DC, TJV","Wetland Boundary",1,28.486583801,-81.8779146917,105.7,"Sub-Canopy_FACW","5"
"182","MOD_Pasture Reserve  1 Data_11-13-19PDT.xlsm",156,"Pasture Reserve 1",2,"Vegetation",2019-06-17,"KRH, MH, DC, TJV","Wetland Boundary",1,28.486583801,-81.8779146917,105.7,"Sub-Canopy_FAC","0"
"183","MOD_Pasture Reserve  1 Data_11-13-19PDT.xlsm",156,"Pasture Reserve 1",2,"Vegetation",2019-06-17,"KRH, MH, DC, TJV","Wetland Boundary",1,28.486583801,-81.8779146917,105.7,"Sub-Canopy_UPL","0"
"184","MOD_Pasture Reserve  1 Data_11-13-19PDT.xlsm",156,"Pasture Reserve 1",2,"Vegetation",2019-06-17,"KRH, MH, DC, TJV","Wetland Boundary",1,28.486583801,-81.8779146917,105.7,"Groundcover_OBL","10"
"185","MOD_Pasture Reserve  1 Data_11-13-19PDT.xlsm",156,"Pasture Reserve 1",2,"Vegetation",2019-06-17,"KRH, MH, DC, TJV","Wetland Boundary",1,28.486583801,-81.8779146917,105.7,"Groundcover_FACW","10"
"186","MOD_Pasture Reserve  1 Data_11-13-19PDT.xlsm",156,"Pasture Reserve 1",2,"Vegetation",2019-06-17,"KRH, MH, DC, TJV","Wetland Boundary",1,28.486583801,-81.8779146917,105.7,"Groundcover_FAC","6"
"187","MOD_Pasture Reserve  1 Data_11-13-19PDT.xlsm",156,"Pasture Reserve 1",2,"Vegetation",2019-06-17,"KRH, MH, DC, TJV","Wetland Boundary",1,28.486583801,-81.8779146917,105.7,"Groundcover_UPL","1"
"188","MOD_Pasture Reserve  1 Data_11-13-19PDT.xlsm",156,"Pasture Reserve 1",3,"Hydrologic",2019-04-30,"MH, TV, KRH, OR, DC","Cypress buttress inflection",1,28.4910635585,-81.8803066817,104.19,NA,NA
"189","MOD_Pasture Reserve  1 Data_11-13-19PDT.xlsm",156,"Pasture Reserve 1",3,"Hydrologic",2019-04-30,"MH, TV, KRH, OR, DC","Cypress buttress inflection",2,28.4911735355,-81.8802629732,104.31,NA,NA
"190","MOD_Pasture Reserve  1 Data_11-13-19PDT.xlsm",156,"Pasture Reserve 1",3,"Hydrologic",2019-04-30,"MH, TV, KRH, OR, DC","Lyonia-base of root on Cypress",3,28.4909534307,-81.8801791659,105.57,NA,NA
"191","MOD_Pasture Reserve  1 Data_11-13-19PDT.xlsm",156,"Pasture Reserve 1",3,"Soil",2019-04-30,"KRH, MH, DC, TJV, OR","Muck @ Surface",2,28.4908185082,-81.8800049809,105.14,"S7","Depth: 0 to 7 inches"
"192","MOD_Pasture Reserve  1 Data_11-13-19PDT.xlsm",156,"Pasture Reserve 1",3,"Soil",2019-04-30,"KRH, MH, DC, TJV, OR","Muck @ Surface",2,28.4908185082,-81.8800049809,105.14,"A8","Depth: 0 to 1 inches"
"193","MOD_Pasture Reserve  1 Data_11-13-19PDT.xlsm",156,"Pasture Reserve 1",3,"Soil",2019-04-30,"KRH, MH, DC, TJV, OR","Muck @ Surface",2,28.4908185082,-81.8800049809,105.14,"A9","Depth: 0 to 1 inches"
"194","MOD_Pasture Reserve  1 Data_11-13-19PDT.xlsm",156,"Pasture Reserve 1",3,"Soil",2019-04-30,"KRH, MH, DC, TJV, OR","Wetland Boundary and Hydric @ Surface",1,28.4907909659,-81.8799614278,105.57,"S7","Depth: 0 to 7 inches"
"195","MOD_Pasture Reserve  1 Data_11-13-19PDT.xlsm",156,"Pasture Reserve 1",3,"Vegetation",2019-06-17,"MH, KRH, DC, TJV","Hydric @ Surface",2,28.4908185082,-81.8800049809,105.14,"Canopy_OBL","35"
"196","MOD_Pasture Reserve  1 Data_11-13-19PDT.xlsm",156,"Pasture Reserve 1",3,"Vegetation",2019-06-17,"MH, KRH, DC, TJV","Hydric @ Surface",2,28.4908185082,-81.8800049809,105.14,"Canopy_FACW","0"
"197","MOD_Pasture Reserve  1 Data_11-13-19PDT.xlsm",156,"Pasture Reserve 1",3,"Vegetation",2019-06-17,"MH, KRH, DC, TJV","Hydric @ Surface",2,28.4908185082,-81.8800049809,105.14,"Canopy_FAC","0"
"198","MOD_Pasture Reserve  1 Data_11-13-19PDT.xlsm",156,"Pasture Reserve 1",3,"Vegetation",2019-06-17,"MH, KRH, DC, TJV","Hydric @ Surface",2,28.4908185082,-81.8800049809,105.14,"Canopy_UPL","10"
"199","MOD_Pasture Reserve  1 Data_11-13-19PDT.xlsm",156,"Pasture Reserve 1",3,"Vegetation",2019-06-17,"MH, KRH, DC, TJV","Hydric @ Surface",2,28.4908185082,-81.8800049809,105.14,"Sub-Canopy_OBL","20"
"200","MOD_Pasture Reserve  1 Data_11-13-19PDT.xlsm",156,"Pasture Reserve 1",3,"Vegetation",2019-06-17,"MH, KRH, DC, TJV","Hydric @ Surface",2,28.4908185082,-81.8800049809,105.14,"Sub-Canopy_FACW","5"
"201","MOD_Pasture Reserve  1 Data_11-13-19PDT.xlsm",156,"Pasture Reserve 1",3,"Vegetation",2019-06-17,"MH, KRH, DC, TJV","Hydric @ Surface",2,28.4908185082,-81.8800049809,105.14,"Sub-Canopy_FAC","0"
"202","MOD_Pasture Reserve  1 Data_11-13-19PDT.xlsm",156,"Pasture Reserve 1",3,"Vegetation",2019-06-17,"MH, KRH, DC, TJV","Hydric @ Surface",2,28.4908185082,-81.8800049809,105.14,"Sub-Canopy_UPL","0"
"203","MOD_Pasture Reserve  1 Data_11-13-19PDT.xlsm",156,"Pasture Reserve 1",3,"Vegetation",2019-06-17,"MH, KRH, DC, TJV","Hydric @ Surface",2,28.4908185082,-81.8800049809,105.14,"Groundcover_OBL","0"
"204","MOD_Pasture Reserve  1 Data_11-13-19PDT.xlsm",156,"Pasture Reserve 1",3,"Vegetation",2019-06-17,"MH, KRH, DC, TJV","Hydric @ Surface",2,28.4908185082,-81.8800049809,105.14,"Groundcover_FACW","50"
"205","MOD_Pasture Reserve  1 Data_11-13-19PDT.xlsm",156,"Pasture Reserve 1",3,"Vegetation",2019-06-17,"MH, KRH, DC, TJV","Hydric @ Surface",2,28.4908185082,-81.8800049809,105.14,"Groundcover_FAC","3"
"206","MOD_Pasture Reserve  1 Data_11-13-19PDT.xlsm",156,"Pasture Reserve 1",3,"Vegetation",2019-06-17,"MH, KRH, DC, TJV","Hydric @ Surface",2,28.4908185082,-81.8800049809,105.14,"Groundcover_UPL","0"
"207","MOD_Pasture Reserve  1 Data_11-13-19PDT.xlsm",156,"Pasture Reserve 1",3,"Vegetation",2019-06-17,"MH, KRH, DC, TJV","Wetland Boundary and Hydric @ Surface",1,28.4907909659,-81.8799614278,105.57,"Canopy_OBL","20"
"208","MOD_Pasture Reserve  1 Data_11-13-19PDT.xlsm",156,"Pasture Reserve 1",3,"Vegetation",2019-06-17,"MH, KRH, DC, TJV","Wetland Boundary and Hydric @ Surface",1,28.4907909659,-81.8799614278,105.57,"Canopy_FACW","0"
"209","MOD_Pasture Reserve  1 Data_11-13-19PDT.xlsm",156,"Pasture Reserve 1",3,"Vegetation",2019-06-17,"MH, KRH, DC, TJV","Wetland Boundary and Hydric @ Surface",1,28.4907909659,-81.8799614278,105.57,"Canopy_FAC","0"
"210","MOD_Pasture Reserve  1 Data_11-13-19PDT.xlsm",156,"Pasture Reserve 1",3,"Vegetation",2019-06-17,"MH, KRH, DC, TJV","Wetland Boundary and Hydric @ Surface",1,28.4907909659,-81.8799614278,105.57,"Canopy_UPL","0"
"211","MOD_Pasture Reserve  1 Data_11-13-19PDT.xlsm",156,"Pasture Reserve 1",3,"Vegetation",2019-06-17,"MH, KRH, DC, TJV","Wetland Boundary and Hydric @ Surface",1,28.4907909659,-81.8799614278,105.57,"Sub-Canopy_OBL","5"
"212","MOD_Pasture Reserve  1 Data_11-13-19PDT.xlsm",156,"Pasture Reserve 1",3,"Vegetation",2019-06-17,"MH, KRH, DC, TJV","Wetland Boundary and Hydric @ Surface",1,28.4907909659,-81.8799614278,105.57,"Sub-Canopy_FACW","0"
"213","MOD_Pasture Reserve  1 Data_11-13-19PDT.xlsm",156,"Pasture Reserve 1",3,"Vegetation",2019-06-17,"MH, KRH, DC, TJV","Wetland Boundary and Hydric @ Surface",1,28.4907909659,-81.8799614278,105.57,"Sub-Canopy_FAC","5"
"214","MOD_Pasture Reserve  1 Data_11-13-19PDT.xlsm",156,"Pasture Reserve 1",3,"Vegetation",2019-06-17,"MH, KRH, DC, TJV","Wetland Boundary and Hydric @ Surface",1,28.4907909659,-81.8799614278,105.57,"Sub-Canopy_UPL","0"
"215","MOD_Pasture Reserve  1 Data_11-13-19PDT.xlsm",156,"Pasture Reserve 1",3,"Vegetation",2019-06-17,"MH, KRH, DC, TJV","Wetland Boundary and Hydric @ Surface",1,28.4907909659,-81.8799614278,105.57,"Groundcover_OBL","0"
"216","MOD_Pasture Reserve  1 Data_11-13-19PDT.xlsm",156,"Pasture Reserve 1",3,"Vegetation",2019-06-17,"MH, KRH, DC, TJV","Wetland Boundary and Hydric @ Surface",1,28.4907909659,-81.8799614278,105.57,"Groundcover_FACW","40"
"217","MOD_Pasture Reserve  1 Data_11-13-19PDT.xlsm",156,"Pasture Reserve 1",3,"Vegetation",2019-06-17,"MH, KRH, DC, TJV","Wetland Boundary and Hydric @ Surface",1,28.4907909659,-81.8799614278,105.57,"Groundcover_FAC","7"
"218","MOD_Pasture Reserve  1 Data_11-13-19PDT.xlsm",156,"Pasture Reserve 1",3,"Vegetation",2019-06-17,"MH, KRH, DC, TJV","Wetland Boundary and Hydric @ Surface",1,28.4907909659,-81.8799614278,105.57,"Groundcover_UPL","5"
"219","MOD_Pasture Reserve  1 Data_11-13-19PDT.xlsm",156,"Pasture Reserve 1",3,"Vegetation",2019-06-17,"MH, KRH, DC, TJV","Wetland Boundary and Hydric @ Surface",3,NA,NA,NA,"Canopy_OBL","0"
"220","MOD_Pasture Reserve  1 Data_11-13-19PDT.xlsm",156,"Pasture Reserve 1",3,"Vegetation",2019-06-17,"MH, KRH, DC, TJV","Wetland Boundary and Hydric @ Surface",3,NA,NA,NA,"Canopy_FACW","0"
"221","MOD_Pasture Reserve  1 Data_11-13-19PDT.xlsm",156,"Pasture Reserve 1",3,"Vegetation",2019-06-17,"MH, KRH, DC, TJV","Wetland Boundary and Hydric @ Surface",3,NA,NA,NA,"Canopy_FAC","0"
"222","MOD_Pasture Reserve  1 Data_11-13-19PDT.xlsm",156,"Pasture Reserve 1",3,"Vegetation",2019-06-17,"MH, KRH, DC, TJV","Wetland Boundary and Hydric @ Surface",3,NA,NA,NA,"Canopy_UPL","0"
"223","MOD_Pasture Reserve  1 Data_11-13-19PDT.xlsm",156,"Pasture Reserve 1",3,"Vegetation",2019-06-17,"MH, KRH, DC, TJV","Wetland Boundary and Hydric @ Surface",3,NA,NA,NA,"Sub-Canopy_OBL","0"
"224","MOD_Pasture Reserve  1 Data_11-13-19PDT.xlsm",156,"Pasture Reserve 1",3,"Vegetation",2019-06-17,"MH, KRH, DC, TJV","Wetland Boundary and Hydric @ Surface",3,NA,NA,NA,"Sub-Canopy_FACW","0"
"225","MOD_Pasture Reserve  1 Data_11-13-19PDT.xlsm",156,"Pasture Reserve 1",3,"Vegetation",2019-06-17,"MH, KRH, DC, TJV","Wetland Boundary and Hydric @ Surface",3,NA,NA,NA,"Sub-Canopy_FAC","0"
"226","MOD_Pasture Reserve  1 Data_11-13-19PDT.xlsm",156,"Pasture Reserve 1",3,"Vegetation",2019-06-17,"MH, KRH, DC, TJV","Wetland Boundary and Hydric @ Surface",3,NA,NA,NA,"Sub-Canopy_UPL","0"
"227","MOD_Pasture Reserve  1 Data_11-13-19PDT.xlsm",156,"Pasture Reserve 1",3,"Vegetation",2019-06-17,"MH, KRH, DC, TJV","Wetland Boundary and Hydric @ Surface",3,NA,NA,NA,"Groundcover_OBL","0"
"228","MOD_Pasture Reserve  1 Data_11-13-19PDT.xlsm",156,"Pasture Reserve 1",3,"Vegetation",2019-06-17,"MH, KRH, DC, TJV","Wetland Boundary and Hydric @ Surface",3,NA,NA,NA,"Groundcover_FACW","0"
"229","MOD_Pasture Reserve  1 Data_11-13-19PDT.xlsm",156,"Pasture Reserve 1",3,"Vegetation",2019-06-17,"MH, KRH, DC, TJV","Wetland Boundary and Hydric @ Surface",3,NA,NA,NA,"Groundcover_FAC","0"
"230","MOD_Pasture Reserve  1 Data_11-13-19PDT.xlsm",156,"Pasture Reserve 1",3,"Vegetation",2019-06-17,"MH, KRH, DC, TJV","Wetland Boundary and Hydric @ Surface",3,NA,NA,NA,"Groundcover_UPL","0"
"231","Pasture Reserve  1 Data_11-13-19PDT.xlsm",156,"Pasture Reserve 1",1,"Soil",2019-04-30,"MH, KRH, DC, TJV, OR","Hydric @ Surface",2,28.4898187724,-81.8784900137,105.61,"A6","Depth: 0 to 0.5 inches"
"232","Pasture Reserve  1 Data_11-13-19PDT.xlsm",156,"Pasture Reserve 1",1,"Soil",2019-04-30,"MH, KRH, DC, TJV, OR","Hydric @ Surface",2,28.4898187724,-81.8784900137,105.61,"S7","Depth: 0 to 4 inches"
"233","Pasture Reserve  1 Data_11-13-19PDT.xlsm",156,"Pasture Reserve 1",1,"Soil",2019-04-30,"MH, KRH, DC, TJV, OR","Muck @ Surface",3,28.4897912964,-81.878521176,104.88,"S7","Depth: 0 to 12 inches"
"234","Pasture Reserve  1 Data_11-13-19PDT.xlsm",156,"Pasture Reserve 1",1,"Soil",2019-04-30,"MH, KRH, DC, TJV, OR","Muck @ Surface",3,28.4897912964,-81.878521176,104.88,"A8","Depth: 0 to 3 inches"
"235","Pasture Reserve  1 Data_11-13-19PDT.xlsm",156,"Pasture Reserve 1",1,"Soil",2019-04-30,"MH, KRH, DC, TJV, OR","Muck @ Surface",3,28.4897912964,-81.878521176,104.88,"A9","Depth: 0 to 3 inches"
"236","Pasture Reserve  1 Data_11-13-19PDT.xlsm",156,"Pasture Reserve 1",1,"Soil",2019-04-30,"MH, KRH, DC, TJV, OR","Muck @ Surface",3,28.4897912964,-81.878521176,104.88,"S9","Depth: 0 to 12 inches"
"237","Pasture Reserve  1 Data_11-13-19PDT.xlsm",156,"Pasture Reserve 1",1,"Vegetation",2019-06-17,"MH, KRH, DC, TJV","Hydric @ Surface",2,28.4898187724,-81.8784900137,105.61,"Canopy_OBL","40"
"238","Pasture Reserve  1 Data_11-13-19PDT.xlsm",156,"Pasture Reserve 1",1,"Vegetation",2019-06-17,"MH, KRH, DC, TJV","Hydric @ Surface",2,28.4898187724,-81.8784900137,105.61,"Canopy_FACW","25"
"239","Pasture Reserve  1 Data_11-13-19PDT.xlsm",156,"Pasture Reserve 1",1,"Vegetation",2019-06-17,"MH, KRH, DC, TJV","Hydric @ Surface",2,28.4898187724,-81.8784900137,105.61,"Canopy_FAC","0"
"240","Pasture Reserve  1 Data_11-13-19PDT.xlsm",156,"Pasture Reserve 1",1,"Vegetation",2019-06-17,"MH, KRH, DC, TJV","Hydric @ Surface",2,28.4898187724,-81.8784900137,105.61,"Canopy_UPL","15"
"241","Pasture Reserve  1 Data_11-13-19PDT.xlsm",156,"Pasture Reserve 1",1,"Vegetation",2019-06-17,"MH, KRH, DC, TJV","Hydric @ Surface",2,28.4898187724,-81.8784900137,105.61,"Sub-Canopy_OBL","12"
"242","Pasture Reserve  1 Data_11-13-19PDT.xlsm",156,"Pasture Reserve 1",1,"Vegetation",2019-06-17,"MH, KRH, DC, TJV","Hydric @ Surface",2,28.4898187724,-81.8784900137,105.61,"Sub-Canopy_FACW","0"
"243","Pasture Reserve  1 Data_11-13-19PDT.xlsm",156,"Pasture Reserve 1",1,"Vegetation",2019-06-17,"MH, KRH, DC, TJV","Hydric @ Surface",2,28.4898187724,-81.8784900137,105.61,"Sub-Canopy_FAC","5"
"244","Pasture Reserve  1 Data_11-13-19PDT.xlsm",156,"Pasture Reserve 1",1,"Vegetation",2019-06-17,"MH, KRH, DC, TJV","Hydric @ Surface",2,28.4898187724,-81.8784900137,105.61,"Sub-Canopy_UPL","0"
"245","Pasture Reserve  1 Data_11-13-19PDT.xlsm",156,"Pasture Reserve 1",1,"Vegetation",2019-06-17,"MH, KRH, DC, TJV","Hydric @ Surface",2,28.4898187724,-81.8784900137,105.61,"Groundcover_OBL","35"
"246","Pasture Reserve  1 Data_11-13-19PDT.xlsm",156,"Pasture Reserve 1",1,"Vegetation",2019-06-17,"MH, KRH, DC, TJV","Hydric @ Surface",2,28.4898187724,-81.8784900137,105.61,"Groundcover_FACW","35"
"247","Pasture Reserve  1 Data_11-13-19PDT.xlsm",156,"Pasture Reserve 1",1,"Vegetation",2019-06-17,"MH, KRH, DC, TJV","Hydric @ Surface",2,28.4898187724,-81.8784900137,105.61,"Groundcover_FAC","27"
"248","Pasture Reserve  1 Data_11-13-19PDT.xlsm",156,"Pasture Reserve 1",1,"Vegetation",2019-06-17,"MH, KRH, DC, TJV","Hydric @ Surface",2,28.4898187724,-81.8784900137,105.61,"Groundcover_UPL","0"
"249","Pasture Reserve  1 Data_11-13-19PDT.xlsm",156,"Pasture Reserve 1",1,"Vegetation",2019-06-17,"MH, KRH, DC, TJV","Muck @ Surface",3,28.4897912964,-81.878521176,104.88,"Canopy_OBL","50"
"250","Pasture Reserve  1 Data_11-13-19PDT.xlsm",156,"Pasture Reserve 1",1,"Vegetation",2019-06-17,"MH, KRH, DC, TJV","Muck @ Surface",3,28.4897912964,-81.878521176,104.88,"Canopy_FACW","0"
"251","Pasture Reserve  1 Data_11-13-19PDT.xlsm",156,"Pasture Reserve 1",1,"Vegetation",2019-06-17,"MH, KRH, DC, TJV","Muck @ Surface",3,28.4897912964,-81.878521176,104.88,"Canopy_FAC","5"
"252","Pasture Reserve  1 Data_11-13-19PDT.xlsm",156,"Pasture Reserve 1",1,"Vegetation",2019-06-17,"MH, KRH, DC, TJV","Muck @ Surface",3,28.4897912964,-81.878521176,104.88,"Canopy_UPL","0"
"253","Pasture Reserve  1 Data_11-13-19PDT.xlsm",156,"Pasture Reserve 1",1,"Vegetation",2019-06-17,"MH, KRH, DC, TJV","Muck @ Surface",3,28.4897912964,-81.878521176,104.88,"Sub-Canopy_OBL","5"
"254","Pasture Reserve  1 Data_11-13-19PDT.xlsm",156,"Pasture Reserve 1",1,"Vegetation",2019-06-17,"MH, KRH, DC, TJV","Muck @ Surface",3,28.4897912964,-81.878521176,104.88,"Sub-Canopy_FACW","5"
"255","Pasture Reserve  1 Data_11-13-19PDT.xlsm",156,"Pasture Reserve 1",1,"Vegetation",2019-06-17,"MH, KRH, DC, TJV","Muck @ Surface",3,28.4897912964,-81.878521176,104.88,"Sub-Canopy_FAC","5"
"256","Pasture Reserve  1 Data_11-13-19PDT.xlsm",156,"Pasture Reserve 1",1,"Vegetation",2019-06-17,"MH, KRH, DC, TJV","Muck @ Surface",3,28.4897912964,-81.878521176,104.88,"Sub-Canopy_UPL","0"
"257","Pasture Reserve  1 Data_11-13-19PDT.xlsm",156,"Pasture Reserve 1",1,"Vegetation",2019-06-17,"MH, KRH, DC, TJV","Muck @ Surface",3,28.4897912964,-81.878521176,104.88,"Groundcover_OBL","16"
"258","Pasture Reserve  1 Data_11-13-19PDT.xlsm",156,"Pasture Reserve 1",1,"Vegetation",2019-06-17,"MH, KRH, DC, TJV","Muck @ Surface",3,28.4897912964,-81.878521176,104.88,"Groundcover_FACW","46"
"259","Pasture Reserve  1 Data_11-13-19PDT.xlsm",156,"Pasture Reserve 1",1,"Vegetation",2019-06-17,"MH, KRH, DC, TJV","Muck @ Surface",3,28.4897912964,-81.878521176,104.88,"Groundcover_FAC","32"
"260","Pasture Reserve  1 Data_11-13-19PDT.xlsm",156,"Pasture Reserve 1",1,"Vegetation",2019-06-17,"MH, KRH, DC, TJV","Muck @ Surface",3,28.4897912964,-81.878521176,104.88,"Groundcover_UPL","10"
"261","Pasture Reserve  1 Data_11-13-19PDT.xlsm",156,"Pasture Reserve 1",1,"Vegetation",2019-06-17,"MH, KRH, DC, TJV","Other",1,NA,NA,NA,"Canopy_OBL","0"
"262","Pasture Reserve  1 Data_11-13-19PDT.xlsm",156,"Pasture Reserve 1",1,"Vegetation",2019-06-17,"MH, KRH, DC, TJV","Other",1,NA,NA,NA,"Canopy_FACW","0"
"263","Pasture Reserve  1 Data_11-13-19PDT.xlsm",156,"Pasture Reserve 1",1,"Vegetation",2019-06-17,"MH, KRH, DC, TJV","Other",1,NA,NA,NA,"Canopy_FAC","0"
"264","Pasture Reserve  1 Data_11-13-19PDT.xlsm",156,"Pasture Reserve 1",1,"Vegetation",2019-06-17,"MH, KRH, DC, TJV","Other",1,NA,NA,NA,"Canopy_UPL","0"
"265","Pasture Reserve  1 Data_11-13-19PDT.xlsm",156,"Pasture Reserve 1",1,"Vegetation",2019-06-17,"MH, KRH, DC, TJV","Other",1,NA,NA,NA,"Sub-Canopy_OBL","5"
"266","Pasture Reserve  1 Data_11-13-19PDT.xlsm",156,"Pasture Reserve 1",1,"Vegetation",2019-06-17,"MH, KRH, DC, TJV","Other",1,NA,NA,NA,"Sub-Canopy_FACW","0"
"267","Pasture Reserve  1 Data_11-13-19PDT.xlsm",156,"Pasture Reserve 1",1,"Vegetation",2019-06-17,"MH, KRH, DC, TJV","Other",1,NA,NA,NA,"Sub-Canopy_FAC","0"
"268","Pasture Reserve  1 Data_11-13-19PDT.xlsm",156,"Pasture Reserve 1",1,"Vegetation",2019-06-17,"MH, KRH, DC, TJV","Other",1,NA,NA,NA,"Sub-Canopy_UPL","0"
"269","Pasture Reserve  1 Data_11-13-19PDT.xlsm",156,"Pasture Reserve 1",1,"Vegetation",2019-06-17,"MH, KRH, DC, TJV","Other",1,NA,NA,NA,"Groundcover_OBL","10"
"270","Pasture Reserve  1 Data_11-13-19PDT.xlsm",156,"Pasture Reserve 1",1,"Vegetation",2019-06-17,"MH, KRH, DC, TJV","Other",1,NA,NA,NA,"Groundcover_FACW","11"
"271","Pasture Reserve  1 Data_11-13-19PDT.xlsm",156,"Pasture Reserve 1",1,"Vegetation",2019-06-17,"MH, KRH, DC, TJV","Other",1,NA,NA,NA,"Groundcover_FAC","46"
"272","Pasture Reserve  1 Data_11-13-19PDT.xlsm",156,"Pasture Reserve 1",1,"Vegetation",2019-06-17,"MH, KRH, DC, TJV","Other",1,NA,NA,NA,"Groundcover_UPL","0"
"273","Pasture Reserve  1 Data_11-13-19PDT.xlsm",156,"Pasture Reserve 1",2,"Hydrologic",2019-04-30,"MH, TV, KRH, OR, DC","Cypress buttress inflection",1,28.4864141355,-81.8788737023,107.52,NA,NA
"274","Pasture Reserve  1 Data_11-13-19PDT.xlsm",156,"Pasture Reserve 1",2,"Hydrologic",2019-04-30,"MH, TV, KRH, OR, DC","Cypress buttress inflection",2,28.4862932017,-81.8789672313,107.56,NA,NA
"275","Pasture Reserve  1 Data_11-13-19PDT.xlsm",156,"Pasture Reserve 1",2,"Hydrologic",2019-04-30,"MH, TV, KRH, OR, DC","Adventitous root on Cypress",3,28.4864143311,-81.8789203976,107.82,NA,NA
"276","Pasture Reserve  1 Data_11-13-19PDT.xlsm",156,"Pasture Reserve 1",2,"Soil",2019-04-30,"MH, KRH, DC, TJV, OR","Hydric @ Surface",2,28.4866526621,-81.8780266821,105.69,"A8","Depth: 0 to 0.3 inches"
"277","Pasture Reserve  1 Data_11-13-19PDT.xlsm",156,"Pasture Reserve 1",2,"Soil",2019-04-30,"MH, KRH, DC, TJV, OR","Muck @ Surface",3,28.4866719259,-81.8780391121,105.16,"A8","Depth: 0 to 0.8 inches"
"278","Pasture Reserve  1 Data_11-13-19PDT.xlsm",156,"Pasture Reserve 1",2,"Soil",2019-04-30,"MH, KRH, DC, TJV, OR","Muck @ Surface",3,28.4866719259,-81.8780391121,105.16,"A9","Depth: 0 to 0.9 inches"
"279","Pasture Reserve  1 Data_11-13-19PDT.xlsm",156,"Pasture Reserve 1",2,"Soil",2019-04-30,"MH, KRH, DC, TJV, OR","Muck @ Surface",3,28.4866719259,-81.8780391121,105.16,"S5","Depth: 4 to 8 inches"
"280","Pasture Reserve  1 Data_11-13-19PDT.xlsm",156,"Pasture Reserve 1",2,"Soil",2019-04-30,"MH, KRH, DC, TJV, OR","Wetland Boundary",1,28.486583801,-81.8779146917,105.7,"S6","Depth: 5 to 7 inches"
"281","Pasture Reserve  1 Data_11-13-19PDT.xlsm",156,"Pasture Reserve 1",2,"Vegetation",2019-06-17,"KRH, MH, DC, TJV","Hydric @ Surface",2,28.4866526621,-81.8780266821,105.69,"Canopy_OBL","45"
"282","Pasture Reserve  1 Data_11-13-19PDT.xlsm",156,"Pasture Reserve 1",2,"Vegetation",2019-06-17,"KRH, MH, DC, TJV","Hydric @ Surface",2,28.4866526621,-81.8780266821,105.69,"Canopy_FACW","60"
"283","Pasture Reserve  1 Data_11-13-19PDT.xlsm",156,"Pasture Reserve 1",2,"Vegetation",2019-06-17,"KRH, MH, DC, TJV","Hydric @ Surface",2,28.4866526621,-81.8780266821,105.69,"Canopy_FAC","0"
"284","Pasture Reserve  1 Data_11-13-19PDT.xlsm",156,"Pasture Reserve 1",2,"Vegetation",2019-06-17,"KRH, MH, DC, TJV","Hydric @ Surface",2,28.4866526621,-81.8780266821,105.69,"Canopy_UPL","0"
"285","Pasture Reserve  1 Data_11-13-19PDT.xlsm",156,"Pasture Reserve 1",2,"Vegetation",2019-06-17,"KRH, MH, DC, TJV","Hydric @ Surface",2,28.4866526621,-81.8780266821,105.69,"Sub-Canopy_OBL","10"
"286","Pasture Reserve  1 Data_11-13-19PDT.xlsm",156,"Pasture Reserve 1",2,"Vegetation",2019-06-17,"KRH, MH, DC, TJV","Hydric @ Surface",2,28.4866526621,-81.8780266821,105.69,"Sub-Canopy_FACW","5"
"287","Pasture Reserve  1 Data_11-13-19PDT.xlsm",156,"Pasture Reserve 1",2,"Vegetation",2019-06-17,"KRH, MH, DC, TJV","Hydric @ Surface",2,28.4866526621,-81.8780266821,105.69,"Sub-Canopy_FAC","0"
"288","Pasture Reserve  1 Data_11-13-19PDT.xlsm",156,"Pasture Reserve 1",2,"Vegetation",2019-06-17,"KRH, MH, DC, TJV","Hydric @ Surface",2,28.4866526621,-81.8780266821,105.69,"Sub-Canopy_UPL","0"
"289","Pasture Reserve  1 Data_11-13-19PDT.xlsm",156,"Pasture Reserve 1",2,"Vegetation",2019-06-17,"KRH, MH, DC, TJV","Hydric @ Surface",2,28.4866526621,-81.8780266821,105.69,"Groundcover_OBL","6"
"290","Pasture Reserve  1 Data_11-13-19PDT.xlsm",156,"Pasture Reserve 1",2,"Vegetation",2019-06-17,"KRH, MH, DC, TJV","Hydric @ Surface",2,28.4866526621,-81.8780266821,105.69,"Groundcover_FACW","56"
"291","Pasture Reserve  1 Data_11-13-19PDT.xlsm",156,"Pasture Reserve 1",2,"Vegetation",2019-06-17,"KRH, MH, DC, TJV","Hydric @ Surface",2,28.4866526621,-81.8780266821,105.69,"Groundcover_FAC","11"
"292","Pasture Reserve  1 Data_11-13-19PDT.xlsm",156,"Pasture Reserve 1",2,"Vegetation",2019-06-17,"KRH, MH, DC, TJV","Hydric @ Surface",2,28.4866526621,-81.8780266821,105.69,"Groundcover_UPL","0"
"293","Pasture Reserve  1 Data_11-13-19PDT.xlsm",156,"Pasture Reserve 1",2,"Vegetation",2019-06-17,"KRH, MH, DC, TJV","Muck @ Surface",3,28.4866719259,-81.8780391121,105.16,"Canopy_OBL","15"
"294","Pasture Reserve  1 Data_11-13-19PDT.xlsm",156,"Pasture Reserve 1",2,"Vegetation",2019-06-17,"KRH, MH, DC, TJV","Muck @ Surface",3,28.4866719259,-81.8780391121,105.16,"Canopy_FACW","55"
"295","Pasture Reserve  1 Data_11-13-19PDT.xlsm",156,"Pasture Reserve 1",2,"Vegetation",2019-06-17,"KRH, MH, DC, TJV","Muck @ Surface",3,28.4866719259,-81.8780391121,105.16,"Canopy_FAC","0"
"296","Pasture Reserve  1 Data_11-13-19PDT.xlsm",156,"Pasture Reserve 1",2,"Vegetation",2019-06-17,"KRH, MH, DC, TJV","Muck @ Surface",3,28.4866719259,-81.8780391121,105.16,"Canopy_UPL","0"
"297","Pasture Reserve  1 Data_11-13-19PDT.xlsm",156,"Pasture Reserve 1",2,"Vegetation",2019-06-17,"KRH, MH, DC, TJV","Muck @ Surface",3,28.4866719259,-81.8780391121,105.16,"Sub-Canopy_OBL","15"
"298","Pasture Reserve  1 Data_11-13-19PDT.xlsm",156,"Pasture Reserve 1",2,"Vegetation",2019-06-17,"KRH, MH, DC, TJV","Muck @ Surface",3,28.4866719259,-81.8780391121,105.16,"Sub-Canopy_FACW","5"
"299","Pasture Reserve  1 Data_11-13-19PDT.xlsm",156,"Pasture Reserve 1",2,"Vegetation",2019-06-17,"KRH, MH, DC, TJV","Muck @ Surface",3,28.4866719259,-81.8780391121,105.16,"Sub-Canopy_FAC","5"
"300","Pasture Reserve  1 Data_11-13-19PDT.xlsm",156,"Pasture Reserve 1",2,"Vegetation",2019-06-17,"KRH, MH, DC, TJV","Muck @ Surface",3,28.4866719259,-81.8780391121,105.16,"Sub-Canopy_UPL","0"
"301","Pasture Reserve  1 Data_11-13-19PDT.xlsm",156,"Pasture Reserve 1",2,"Vegetation",2019-06-17,"KRH, MH, DC, TJV","Muck @ Surface",3,28.4866719259,-81.8780391121,105.16,"Groundcover_OBL","2"
"302","Pasture Reserve  1 Data_11-13-19PDT.xlsm",156,"Pasture Reserve 1",2,"Vegetation",2019-06-17,"KRH, MH, DC, TJV","Muck @ Surface",3,28.4866719259,-81.8780391121,105.16,"Groundcover_FACW","31"
"303","Pasture Reserve  1 Data_11-13-19PDT.xlsm",156,"Pasture Reserve 1",2,"Vegetation",2019-06-17,"KRH, MH, DC, TJV","Muck @ Surface",3,28.4866719259,-81.8780391121,105.16,"Groundcover_FAC","21"
"304","Pasture Reserve  1 Data_11-13-19PDT.xlsm",156,"Pasture Reserve 1",2,"Vegetation",2019-06-17,"KRH, MH, DC, TJV","Muck @ Surface",3,28.4866719259,-81.8780391121,105.16,"Groundcover_UPL","0"
"305","Pasture Reserve  1 Data_11-13-19PDT.xlsm",156,"Pasture Reserve 1",2,"Vegetation",2019-06-17,"KRH, MH, DC, TJV","Wetland Boundary",1,28.486583801,-81.8779146917,105.7,"Canopy_OBL","0"
"306","Pasture Reserve  1 Data_11-13-19PDT.xlsm",156,"Pasture Reserve 1",2,"Vegetation",2019-06-17,"KRH, MH, DC, TJV","Wetland Boundary",1,28.486583801,-81.8779146917,105.7,"Canopy_FACW","60"
"307","Pasture Reserve  1 Data_11-13-19PDT.xlsm",156,"Pasture Reserve 1",2,"Vegetation",2019-06-17,"KRH, MH, DC, TJV","Wetland Boundary",1,28.486583801,-81.8779146917,105.7,"Canopy_FAC","0"
"308","Pasture Reserve  1 Data_11-13-19PDT.xlsm",156,"Pasture Reserve 1",2,"Vegetation",2019-06-17,"KRH, MH, DC, TJV","Wetland Boundary",1,28.486583801,-81.8779146917,105.7,"Canopy_UPL","0"
"309","Pasture Reserve  1 Data_11-13-19PDT.xlsm",156,"Pasture Reserve 1",2,"Vegetation",2019-06-17,"KRH, MH, DC, TJV","Wetland Boundary",1,28.486583801,-81.8779146917,105.7,"Sub-Canopy_OBL","0"
"310","Pasture Reserve  1 Data_11-13-19PDT.xlsm",156,"Pasture Reserve 1",2,"Vegetation",2019-06-17,"KRH, MH, DC, TJV","Wetland Boundary",1,28.486583801,-81.8779146917,105.7,"Sub-Canopy_FACW","5"
"311","Pasture Reserve  1 Data_11-13-19PDT.xlsm",156,"Pasture Reserve 1",2,"Vegetation",2019-06-17,"KRH, MH, DC, TJV","Wetland Boundary",1,28.486583801,-81.8779146917,105.7,"Sub-Canopy_FAC","0"
"312","Pasture Reserve  1 Data_11-13-19PDT.xlsm",156,"Pasture Reserve 1",2,"Vegetation",2019-06-17,"KRH, MH, DC, TJV","Wetland Boundary",1,28.486583801,-81.8779146917,105.7,"Sub-Canopy_UPL","0"
"313","Pasture Reserve  1 Data_11-13-19PDT.xlsm",156,"Pasture Reserve 1",2,"Vegetation",2019-06-17,"KRH, MH, DC, TJV","Wetland Boundary",1,28.486583801,-81.8779146917,105.7,"Groundcover_OBL","10"
"314","Pasture Reserve  1 Data_11-13-19PDT.xlsm",156,"Pasture Reserve 1",2,"Vegetation",2019-06-17,"KRH, MH, DC, TJV","Wetland Boundary",1,28.486583801,-81.8779146917,105.7,"Groundcover_FACW","10"
"315","Pasture Reserve  1 Data_11-13-19PDT.xlsm",156,"Pasture Reserve 1",2,"Vegetation",2019-06-17,"KRH, MH, DC, TJV","Wetland Boundary",1,28.486583801,-81.8779146917,105.7,"Groundcover_FAC","6"
"316","Pasture Reserve  1 Data_11-13-19PDT.xlsm",156,"Pasture Reserve 1",2,"Vegetation",2019-06-17,"KRH, MH, DC, TJV","Wetland Boundary",1,28.486583801,-81.8779146917,105.7,"Groundcover_UPL","1"
"317","Pasture Reserve  1 Data_11-13-19PDT.xlsm",156,"Pasture Reserve 1",3,"Hydrologic",2019-04-30,"MH, TV, KRH, OR, DC","Cypress buttress inflection",1,28.4910635585,-81.8803066817,104.19,NA,NA
"318","Pasture Reserve  1 Data_11-13-19PDT.xlsm",156,"Pasture Reserve 1",3,"Hydrologic",2019-04-30,"MH, TV, KRH, OR, DC","Cypress buttress inflection",2,28.4911735355,-81.8802629732,104.31,NA,NA
"319","Pasture Reserve  1 Data_11-13-19PDT.xlsm",156,"Pasture Reserve 1",3,"Hydrologic",2019-04-30,"MH, TV, KRH, OR, DC","Lyonia-base of root on Cypress",3,28.4909534307,-81.8801791659,105.57,NA,NA
"320","Pasture Reserve  1 Data_11-13-19PDT.xlsm",156,"Pasture Reserve 1",3,"Soil",2019-04-30,"KRH, MH, DC, TJV, OR","Muck @ Surface",2,28.4908185082,-81.8800049809,105.14,"S7","Depth: 0 to 7 inches"
"321","Pasture Reserve  1 Data_11-13-19PDT.xlsm",156,"Pasture Reserve 1",3,"Soil",2019-04-30,"KRH, MH, DC, TJV, OR","Muck @ Surface",2,28.4908185082,-81.8800049809,105.14,"A8","Depth: 0 to 1 inches"
"322","Pasture Reserve  1 Data_11-13-19PDT.xlsm",156,"Pasture Reserve 1",3,"Soil",2019-04-30,"KRH, MH, DC, TJV, OR","Muck @ Surface",2,28.4908185082,-81.8800049809,105.14,"A9","Depth: 0 to 1 inches"
"323","Pasture Reserve  1 Data_11-13-19PDT.xlsm",156,"Pasture Reserve 1",3,"Soil",2019-04-30,"KRH, MH, DC, TJV, OR","Wetland Boundary and Hydric @ Surface",1,28.4907909659,-81.8799614278,105.57,"S7","Depth: 0 to 7 inches"
"324","Pasture Reserve  1 Data_11-13-19PDT.xlsm",156,"Pasture Reserve 1",3,"Vegetation",2019-06-17,"MH, KRH, DC, TJV","Hydric @ Surface",2,28.4908185082,-81.8800049809,105.14,"Canopy_OBL","35"
"325","Pasture Reserve  1 Data_11-13-19PDT.xlsm",156,"Pasture Reserve 1",3,"Vegetation",2019-06-17,"MH, KRH, DC, TJV","Hydric @ Surface",2,28.4908185082,-81.8800049809,105.14,"Canopy_FACW","0"
"326","Pasture Reserve  1 Data_11-13-19PDT.xlsm",156,"Pasture Reserve 1",3,"Vegetation",2019-06-17,"MH, KRH, DC, TJV","Hydric @ Surface",2,28.4908185082,-81.8800049809,105.14,"Canopy_FAC","0"
"327","Pasture Reserve  1 Data_11-13-19PDT.xlsm",156,"Pasture Reserve 1",3,"Vegetation",2019-06-17,"MH, KRH, DC, TJV","Hydric @ Surface",2,28.4908185082,-81.8800049809,105.14,"Canopy_UPL","10"
"328","Pasture Reserve  1 Data_11-13-19PDT.xlsm",156,"Pasture Reserve 1",3,"Vegetation",2019-06-17,"MH, KRH, DC, TJV","Hydric @ Surface",2,28.4908185082,-81.8800049809,105.14,"Sub-Canopy_OBL","20"
"329","Pasture Reserve  1 Data_11-13-19PDT.xlsm",156,"Pasture Reserve 1",3,"Vegetation",2019-06-17,"MH, KRH, DC, TJV","Hydric @ Surface",2,28.4908185082,-81.8800049809,105.14,"Sub-Canopy_FACW","5"
"330","Pasture Reserve  1 Data_11-13-19PDT.xlsm",156,"Pasture Reserve 1",3,"Vegetation",2019-06-17,"MH, KRH, DC, TJV","Hydric @ Surface",2,28.4908185082,-81.8800049809,105.14,"Sub-Canopy_FAC","0"
"331","Pasture Reserve  1 Data_11-13-19PDT.xlsm",156,"Pasture Reserve 1",3,"Vegetation",2019-06-17,"MH, KRH, DC, TJV","Hydric @ Surface",2,28.4908185082,-81.8800049809,105.14,"Sub-Canopy_UPL","0"
"332","Pasture Reserve  1 Data_11-13-19PDT.xlsm",156,"Pasture Reserve 1",3,"Vegetation",2019-06-17,"MH, KRH, DC, TJV","Hydric @ Surface",2,28.4908185082,-81.8800049809,105.14,"Groundcover_OBL","0"
"333","Pasture Reserve  1 Data_11-13-19PDT.xlsm",156,"Pasture Reserve 1",3,"Vegetation",2019-06-17,"MH, KRH, DC, TJV","Hydric @ Surface",2,28.4908185082,-81.8800049809,105.14,"Groundcover_FACW","50"
"334","Pasture Reserve  1 Data_11-13-19PDT.xlsm",156,"Pasture Reserve 1",3,"Vegetation",2019-06-17,"MH, KRH, DC, TJV","Hydric @ Surface",2,28.4908185082,-81.8800049809,105.14,"Groundcover_FAC","3"
"335","Pasture Reserve  1 Data_11-13-19PDT.xlsm",156,"Pasture Reserve 1",3,"Vegetation",2019-06-17,"MH, KRH, DC, TJV","Hydric @ Surface",2,28.4908185082,-81.8800049809,105.14,"Groundcover_UPL","0"
"336","Pasture Reserve  1 Data_11-13-19PDT.xlsm",156,"Pasture Reserve 1",3,"Vegetation",2019-06-17,"MH, KRH, DC, TJV","Wetland Boundary and Hydric @ Surface",1,28.4907909659,-81.8799614278,105.57,"Canopy_OBL","20"
"337","Pasture Reserve  1 Data_11-13-19PDT.xlsm",156,"Pasture Reserve 1",3,"Vegetation",2019-06-17,"MH, KRH, DC, TJV","Wetland Boundary and Hydric @ Surface",1,28.4907909659,-81.8799614278,105.57,"Canopy_FACW","0"
"338","Pasture Reserve  1 Data_11-13-19PDT.xlsm",156,"Pasture Reserve 1",3,"Vegetation",2019-06-17,"MH, KRH, DC, TJV","Wetland Boundary and Hydric @ Surface",1,28.4907909659,-81.8799614278,105.57,"Canopy_FAC","0"
"339","Pasture Reserve  1 Data_11-13-19PDT.xlsm",156,"Pasture Reserve 1",3,"Vegetation",2019-06-17,"MH, KRH, DC, TJV","Wetland Boundary and Hydric @ Surface",1,28.4907909659,-81.8799614278,105.57,"Canopy_UPL","0"
"340","Pasture Reserve  1 Data_11-13-19PDT.xlsm",156,"Pasture Reserve 1",3,"Vegetation",2019-06-17,"MH, KRH, DC, TJV","Wetland Boundary and Hydric @ Surface",1,28.4907909659,-81.8799614278,105.57,"Sub-Canopy_OBL","5"
"341","Pasture Reserve  1 Data_11-13-19PDT.xlsm",156,"Pasture Reserve 1",3,"Vegetation",2019-06-17,"MH, KRH, DC, TJV","Wetland Boundary and Hydric @ Surface",1,28.4907909659,-81.8799614278,105.57,"Sub-Canopy_FACW","0"
"342","Pasture Reserve  1 Data_11-13-19PDT.xlsm",156,"Pasture Reserve 1",3,"Vegetation",2019-06-17,"MH, KRH, DC, TJV","Wetland Boundary and Hydric @ Surface",1,28.4907909659,-81.8799614278,105.57,"Sub-Canopy_FAC","5"
"343","Pasture Reserve  1 Data_11-13-19PDT.xlsm",156,"Pasture Reserve 1",3,"Vegetation",2019-06-17,"MH, KRH, DC, TJV","Wetland Boundary and Hydric @ Surface",1,28.4907909659,-81.8799614278,105.57,"Sub-Canopy_UPL","0"
"344","Pasture Reserve  1 Data_11-13-19PDT.xlsm",156,"Pasture Reserve 1",3,"Vegetation",2019-06-17,"MH, KRH, DC, TJV","Wetland Boundary and Hydric @ Surface",1,28.4907909659,-81.8799614278,105.57,"Groundcover_OBL","0"
"345","Pasture Reserve  1 Data_11-13-19PDT.xlsm",156,"Pasture Reserve 1",3,"Vegetation",2019-06-17,"MH, KRH, DC, TJV","Wetland Boundary and Hydric @ Surface",1,28.4907909659,-81.8799614278,105.57,"Groundcover_FACW","40"
"346","Pasture Reserve  1 Data_11-13-19PDT.xlsm",156,"Pasture Reserve 1",3,"Vegetation",2019-06-17,"MH, KRH, DC, TJV","Wetland Boundary and Hydric @ Surface",1,28.4907909659,-81.8799614278,105.57,"Groundcover_FAC","7"
"347","Pasture Reserve  1 Data_11-13-19PDT.xlsm",156,"Pasture Reserve 1",3,"Vegetation",2019-06-17,"MH, KRH, DC, TJV","Wetland Boundary and Hydric @ Surface",1,28.4907909659,-81.8799614278,105.57,"Groundcover_UPL","5"
"348","Pasture Reserve  1 Data_11-13-19PDT.xlsm",156,"Pasture Reserve 1",3,"Vegetation",2019-06-17,"MH, KRH, DC, TJV","Wetland Boundary and Hydric @ Surface",3,NA,NA,NA,"Canopy_OBL","0"
"349","Pasture Reserve  1 Data_11-13-19PDT.xlsm",156,"Pasture Reserve 1",3,"Vegetation",2019-06-17,"MH, KRH, DC, TJV","Wetland Boundary and Hydric @ Surface",3,NA,NA,NA,"Canopy_FACW","0"
"350","Pasture Reserve  1 Data_11-13-19PDT.xlsm",156,"Pasture Reserve 1",3,"Vegetation",2019-06-17,"MH, KRH, DC, TJV","Wetland Boundary and Hydric @ Surface",3,NA,NA,NA,"Canopy_FAC","0"
"351","Pasture Reserve  1 Data_11-13-19PDT.xlsm",156,"Pasture Reserve 1",3,"Vegetation",2019-06-17,"MH, KRH, DC, TJV","Wetland Boundary and Hydric @ Surface",3,NA,NA,NA,"Canopy_UPL","0"
"352","Pasture Reserve  1 Data_11-13-19PDT.xlsm",156,"Pasture Reserve 1",3,"Vegetation",2019-06-17,"MH, KRH, DC, TJV","Wetland Boundary and Hydric @ Surface",3,NA,NA,NA,"Sub-Canopy_OBL","0"
"353","Pasture Reserve  1 Data_11-13-19PDT.xlsm",156,"Pasture Reserve 1",3,"Vegetation",2019-06-17,"MH, KRH, DC, TJV","Wetland Boundary and Hydric @ Surface",3,NA,NA,NA,"Sub-Canopy_FACW","0"
"354","Pasture Reserve  1 Data_11-13-19PDT.xlsm",156,"Pasture Reserve 1",3,"Vegetation",2019-06-17,"MH, KRH, DC, TJV","Wetland Boundary and Hydric @ Surface",3,NA,NA,NA,"Sub-Canopy_FAC","0"
"355","Pasture Reserve  1 Data_11-13-19PDT.xlsm",156,"Pasture Reserve 1",3,"Vegetation",2019-06-17,"MH, KRH, DC, TJV","Wetland Boundary and Hydric @ Surface",3,NA,NA,NA,"Sub-Canopy_UPL","0"
"356","Pasture Reserve  1 Data_11-13-19PDT.xlsm",156,"Pasture Reserve 1",3,"Vegetation",2019-06-17,"MH, KRH, DC, TJV","Wetland Boundary and Hydric @ Surface",3,NA,NA,NA,"Groundcover_OBL","0"
"357","Pasture Reserve  1 Data_11-13-19PDT.xlsm",156,"Pasture Reserve 1",3,"Vegetation",2019-06-17,"MH, KRH, DC, TJV","Wetland Boundary and Hydric @ Surface",3,NA,NA,NA,"Groundcover_FACW","0"
"358","Pasture Reserve  1 Data_11-13-19PDT.xlsm",156,"Pasture Reserve 1",3,"Vegetation",2019-06-17,"MH, KRH, DC, TJV","Wetland Boundary and Hydric @ Surface",3,NA,NA,NA,"Groundcover_FAC","0"
"359","Pasture Reserve  1 Data_11-13-19PDT.xlsm",156,"Pasture Reserve 1",3,"Vegetation",2019-06-17,"MH, KRH, DC, TJV","Wetland Boundary and Hydric @ Surface",3,NA,NA,NA,"Groundcover_UPL","0"
